Datetime,Action,Buy_Price,Sell_Price,Profit/Loss
2025-10-08 05:00:00+07:00,SELL,,4007.10009765625,
2025-10-08 06:00:00+07:00,CLOSE,4016.199951171875,4007.10009765625,-9.099853515625
2025-10-08 06:00:00+07:00,SELL,,4012.39990234375,
2025-10-08 07:00:00+07:00,CLOSE,4014.0,4012.39990234375,-1.60009765625
2025-10-08 07:00:00+07:00,SELL,,4016.300048828125,
2025-10-08 08:00:00+07:00,CLOSE,4023.39990234375,4016.300048828125,-7.099853515625
2025-10-08 08:00:00+07:00,SELL,,4014.0,
2025-10-08 09:00:00+07:00,CLOSE,4034.0,4014.0,-20.0
2025-10-08 09:00:00+07:00,SELL,,4023.199951171875,
2025-10-08 10:00:00+07:00,CLOSE,4036.60009765625,4023.199951171875,-13.400146484375
2025-10-08 10:00:00+07:00,SELL,,4033.89990234375,
2025-10-08 11:00:00+07:00,CLOSE,4049.0,4033.89990234375,-15.10009765625
2025-10-08 11:00:00+07:00,SELL,,4037.10009765625,
2025-10-08 12:00:00+07:00,CLOSE,4057.10009765625,4037.10009765625,-20.0
2025-10-08 12:00:00+07:00,SELL,,4049.0,
2025-10-08 13:00:00+07:00,CLOSE,4053.699951171875,4049.0,-4.699951171875
2025-10-08 13:00:00+07:00,SELL,,4052.0,
2025-10-08 14:00:00+07:00,CLOSE,4056.5,4052.0,-4.5
2025-10-08 14:00:00+07:00,SELL,,4053.699951171875,
2025-10-08 15:00:00+07:00,CLOSE,4058.39990234375,4053.699951171875,-4.699951171875
2025-10-08 15:00:00+07:00,SELL,,4056.39990234375,
2025-10-08 16:00:00+07:00,CLOSE,4070.89990234375,4056.39990234375,-14.5
2025-10-08 16:00:00+07:00,SELL,,4058.199951171875,
2025-10-08 17:00:00+07:00,CLOSE,4059.10009765625,4058.199951171875,-0.900146484375
2025-10-08 17:00:00+07:00,SELL,,4070.89990234375,
2025-10-08 18:00:00+07:00,CLOSE,4060.0,4070.89990234375,10.89990234375
2025-10-08 18:00:00+07:00,SELL,,4059.199951171875,
2025-10-08 19:00:00+07:00,CLOSE,4062.10009765625,4059.199951171875,-2.900146484375
2025-10-08 19:00:00+07:00,SELL,,4060.10009765625,
2025-10-08 20:00:00+07:00,CLOSE,4059.800048828125,4060.10009765625,0.300048828125
2025-10-08 20:00:00+07:00,SELL,,4062.10009765625,
2025-10-08 21:00:00+07:00,CLOSE,4069.699951171875,4062.10009765625,-7.599853515625
2025-10-08 21:00:00+07:00,SELL,,4059.699951171875,
2025-10-08 22:00:00+07:00,CLOSE,4067.199951171875,4059.699951171875,-7.5
2025-10-08 22:00:00+07:00,SELL,,4069.699951171875,
2025-10-08 23:00:00+07:00,CLOSE,4078.39990234375,4069.699951171875,-8.699951171875
2025-10-08 23:00:00+07:00,SELL,,4067.300048828125,
2025-10-09 00:00:00+07:00,CLOSE,4072.5,4067.300048828125,-5.199951171875
2025-10-09 00:00:00+07:00,SELL,,4078.60009765625,
2025-10-09 01:00:00+07:00,CLOSE,4070.5,4078.60009765625,8.10009765625
2025-10-09 01:00:00+07:00,SELL,,4072.0,
2025-10-09 02:00:00+07:00,CLOSE,4064.199951171875,4072.0,7.800048828125
2025-10-09 02:00:00+07:00,SELL,,4070.60009765625,
2025-10-09 03:00:00+07:00,CLOSE,4060.60009765625,4070.60009765625,10.0
2025-10-09 03:00:00+07:00,SELL,,4064.300048828125,
2025-10-09 05:00:00+07:00,CLOSE,4034.300048828125,4064.300048828125,30.0
2025-10-09 05:00:00+07:00,SELL,,4061.800048828125,
2025-10-09 06:00:00+07:00,CLOSE,4031.800048828125,4061.800048828125,30.0
2025-10-09 06:00:00+07:00,SELL,,4040.0,
2025-10-09 07:00:00+07:00,CLOSE,4042.199951171875,4040.0,-2.199951171875
2025-10-09 07:00:00+07:00,SELL,,4030.0,
2025-10-09 08:00:00+07:00,CLOSE,4050.0,4030.0,-20.0
2025-10-09 08:00:00+07:00,SELL,,4042.39990234375,
2025-10-09 09:00:00+07:00,CLOSE,4038.39990234375,4042.39990234375,4.0
2025-10-09 09:00:00+07:00,SELL,,4040.5,
2025-10-09 10:00:00+07:00,CLOSE,4045.0,4040.5,-4.5
2025-10-09 10:00:00+07:00,SELL,,4038.5,
2025-10-09 11:00:00+07:00,CLOSE,4058.5,4038.5,-20.0
2025-10-09 11:00:00+07:00,SELL,,4046.10009765625,
2025-10-09 12:00:00+07:00,CLOSE,4058.199951171875,4046.10009765625,-12.099853515625
2025-10-09 12:00:00+07:00,SELL,,4057.5,
2025-10-09 13:00:00+07:00,CLOSE,4044.800048828125,4057.5,12.699951171875
2025-10-09 13:00:00+07:00,SELL,,4058.5,
2025-10-09 14:00:00+07:00,CLOSE,4051.199951171875,4058.5,7.300048828125
2025-10-09 14:00:00+07:00,SELL,,4044.800048828125,
2025-10-09 15:00:00+07:00,CLOSE,4057.800048828125,4044.800048828125,-13.0
2025-10-09 15:00:00+07:00,SELL,,4051.0,
2025-10-09 16:00:00+07:00,CLOSE,4057.199951171875,4051.0,-6.199951171875
2025-10-09 16:00:00+07:00,SELL,,4058.0,
2025-10-09 17:00:00+07:00,CLOSE,4064.10009765625,4058.0,-6.10009765625
2025-10-09 17:00:00+07:00,SELL,,4057.39990234375,
2025-10-09 18:00:00+07:00,CLOSE,4063.699951171875,4057.39990234375,-6.300048828125
2025-10-09 18:00:00+07:00,SELL,,4064.0,
2025-10-09 19:00:00+07:00,CLOSE,4072.89990234375,4064.0,-8.89990234375
2025-10-09 19:00:00+07:00,SELL,,4063.699951171875,
2025-10-09 20:00:00+07:00,CLOSE,4034.60009765625,4063.699951171875,29.099853515625
2025-10-09 20:00:00+07:00,SELL,,4072.800048828125,
2025-10-09 21:00:00+07:00,CLOSE,4042.800048828125,4072.800048828125,30.0
2025-10-09 21:00:00+07:00,SELL,,4034.39990234375,
2025-10-09 22:00:00+07:00,CLOSE,4029.60009765625,4034.39990234375,4.7998046875
2025-10-09 22:00:00+07:00,SELL,,4038.89990234375,
2025-10-09 23:00:00+07:00,CLOSE,4008.89990234375,4038.89990234375,30.0
2025-10-09 23:00:00+07:00,SELL,,4029.5,
2025-10-10 00:00:00+07:00,CLOSE,3999.5,4029.5,30.0
2025-10-10 00:00:00+07:00,SELL,,3982.199951171875,
2025-10-10 01:00:00+07:00,CLOSE,3971.300048828125,3982.199951171875,10.89990234375
2025-10-10 01:00:00+07:00,SELL,,3963.10009765625,
2025-10-10 02:00:00+07:00,CLOSE,3983.10009765625,3963.10009765625,-20.0
2025-10-10 02:00:00+07:00,SELL,,3971.39990234375,
2025-10-10 03:00:00+07:00,CLOSE,3991.39990234375,3971.39990234375,-20.0
2025-10-10 03:00:00+07:00,SELL,,3988.300048828125,
2025-10-10 05:00:00+07:00,CLOSE,3990.699951171875,3988.300048828125,-2.39990234375
2025-10-10 05:00:00+07:00,SELL,,3990.10009765625,
2025-10-10 06:00:00+07:00,CLOSE,4006.60009765625,3990.10009765625,-16.5
2025-10-10 06:00:00+07:00,SELL,,3991.10009765625,
2025-10-10 07:00:00+07:00,CLOSE,4005.10009765625,3991.10009765625,-14.0
2025-10-10 07:00:00+07:00,SELL,,4006.60009765625,
2025-10-10 08:00:00+07:00,CLOSE,3987.89990234375,4006.60009765625,18.7001953125
2025-10-10 08:00:00+07:00,SELL,,4005.39990234375,
2025-10-10 09:00:00+07:00,CLOSE,3992.60009765625,4005.39990234375,12.7998046875
2025-10-10 09:00:00+07:00,SELL,,3988.0,
2025-10-10 10:00:00+07:00,CLOSE,3979.10009765625,3988.0,8.89990234375
2025-10-10 10:00:00+07:00,SELL,,3992.60009765625,
2025-10-10 11:00:00+07:00,CLOSE,3962.60009765625,3992.60009765625,30.0
2025-10-10 11:00:00+07:00,SELL,,3976.800048828125,
2025-10-10 12:00:00+07:00,CLOSE,3990.199951171875,3976.800048828125,-13.39990234375
2025-10-10 12:00:00+07:00,SELL,,3979.800048828125,
2025-10-10 13:00:00+07:00,CLOSE,3983.0,3979.800048828125,-3.199951171875
2025-10-10 13:00:00+07:00,SELL,,3990.10009765625,
2025-10-10 14:00:00+07:00,CLOSE,3985.10009765625,3990.10009765625,5.0
2025-10-10 14:00:00+07:00,SELL,,3983.199951171875,
2025-10-10 15:00:00+07:00,CLOSE,4003.199951171875,3983.199951171875,-20.0
2025-10-10 15:00:00+07:00,SELL,,3985.0,
2025-10-10 16:00:00+07:00,CLOSE,4005.0,3985.0,-20.0
2025-10-10 16:00:00+07:00,SELL,,4005.0,
2025-10-10 17:00:00+07:00,CLOSE,4008.10009765625,4005.0,-3.10009765625
2025-10-10 17:00:00+07:00,SELL,,4009.800048828125,
2025-10-10 18:00:00+07:00,CLOSE,4002.300048828125,4009.800048828125,7.5
2025-10-10 18:00:00+07:00,SELL,,4008.10009765625,
2025-10-10 19:00:00+07:00,CLOSE,4002.0,4008.10009765625,6.10009765625
2025-10-10 19:00:00+07:00,SELL,,4002.39990234375,
2025-10-10 20:00:00+07:00,CLOSE,3996.10009765625,4002.39990234375,6.2998046875
2025-10-10 20:00:00+07:00,SELL,,4001.89990234375,
2025-10-10 21:00:00+07:00,CLOSE,4005.699951171875,4001.89990234375,-3.800048828125
2025-10-10 21:00:00+07:00,SELL,,3995.5,
2025-10-10 22:00:00+07:00,CLOSE,4015.5,3995.5,-20.0
2025-10-10 22:00:00+07:00,SELL,,4005.699951171875,
2025-10-10 23:00:00+07:00,CLOSE,3997.5,4005.699951171875,8.199951171875
2025-10-10 23:00:00+07:00,SELL,,4013.5,
2025-10-11 00:00:00+07:00,CLOSE,4004.89990234375,4013.5,8.60009765625
2025-10-11 00:00:00+07:00,SELL,,3997.699951171875,
2025-10-11 01:00:00+07:00,CLOSE,4017.699951171875,3997.699951171875,-20.0
2025-10-11 01:00:00+07:00,SELL,,4005.0,
2025-10-11 02:00:00+07:00,CLOSE,4025.0,4005.0,-20.0
2025-10-11 02:00:00+07:00,SELL,,4014.89990234375,
2025-10-11 03:00:00+07:00,CLOSE,4034.89990234375,4014.89990234375,-20.0
2025-10-11 03:00:00+07:00,SELL,,4028.0,
2025-10-13 05:00:00+07:00,CLOSE,4048.0,4028.0,-20.0
2025-10-13 05:00:00+07:00,BUY,4018.300048828125,,
2025-10-13 06:00:00+07:00,CLOSE,4018.300048828125,4048.300048828125,30.0
2025-10-13 06:00:00+07:00,SELL,,4058.800048828125,
2025-10-13 07:00:00+07:00,CLOSE,4078.800048828125,4058.800048828125,-20.0
2025-10-13 07:00:00+07:00,SELL,,4053.0,
2025-10-13 08:00:00+07:00,CLOSE,4073.0,4053.0,-20.0
2025-10-13 08:00:00+07:00,SELL,,4062.0,
2025-10-13 09:00:00+07:00,CLOSE,4066.10009765625,4062.0,-4.10009765625
2025-10-13 09:00:00+07:00,SELL,,4071.89990234375,
2025-10-13 10:00:00+07:00,CLOSE,4070.199951171875,4071.89990234375,1.699951171875
2025-10-13 10:00:00+07:00,SELL,,4066.39990234375,
2025-10-13 11:00:00+07:00,CLOSE,4073.60009765625,4066.39990234375,-7.2001953125
2025-10-13 11:00:00+07:00,SELL,,4069.800048828125,
2025-10-13 12:00:00+07:00,CLOSE,4089.800048828125,4069.800048828125,-20.0
2025-10-13 12:00:00+07:00,SELL,,4073.5,
2025-10-13 13:00:00+07:00,CLOSE,4088.699951171875,4073.5,-15.199951171875
2025-10-13 13:00:00+07:00,SELL,,4082.60009765625,
2025-10-13 14:00:00+07:00,CLOSE,4089.699951171875,4082.60009765625,-7.099853515625
2025-10-13 14:00:00+07:00,SELL,,4088.60009765625,
2025-10-13 15:00:00+07:00,CLOSE,4097.0,4088.60009765625,-8.39990234375
2025-10-13 15:00:00+07:00,SELL,,4089.60009765625,
2025-10-13 16:00:00+07:00,CLOSE,4097.0,4089.60009765625,-7.39990234375
2025-10-13 16:00:00+07:00,SELL,,4097.0,
2025-10-13 17:00:00+07:00,CLOSE,4099.60009765625,4097.0,-2.60009765625
2025-10-13 17:00:00+07:00,SELL,,4097.10009765625,
2025-10-13 18:00:00+07:00,CLOSE,4093.199951171875,4097.10009765625,3.900146484375
2025-10-13 18:00:00+07:00,SELL,,4099.5,
2025-10-13 19:00:00+07:00,CLOSE,4099.2998046875,4099.5,0.2001953125
2025-10-13 19:00:00+07:00,SELL,,4093.199951171875,
2025-10-13 20:00:00+07:00,CLOSE,4113.199951171875,4093.199951171875,-20.0
2025-10-13 20:00:00+07:00,SELL,,4099.5,
2025-10-13 21:00:00+07:00,CLOSE,4119.5,4099.5,-20.0
2025-10-13 21:00:00+07:00,SELL,,4113.60009765625,
2025-10-13 22:00:00+07:00,CLOSE,4124.7998046875,4113.60009765625,-11.19970703125
2025-10-13 22:00:00+07:00,SELL,,4117.60009765625,
2025-10-13 23:00:00+07:00,CLOSE,4125.2998046875,4117.60009765625,-7.69970703125
2025-10-13 23:00:00+07:00,SELL,,4124.7998046875,
2025-10-14 00:00:00+07:00,CLOSE,4123.39990234375,4124.7998046875,1.39990234375
2025-10-14 00:00:00+07:00,SELL,,4125.39990234375,
2025-10-14 01:00:00+07:00,CLOSE,4121.7998046875,4125.39990234375,3.60009765625
2025-10-14 01:00:00+07:00,SELL,,4123.2998046875,
2025-10-14 02:00:00+07:00,CLOSE,4127.2998046875,4123.2998046875,-4.0
2025-10-14 02:00:00+07:00,SELL,,4121.7001953125,
2025-10-14 03:00:00+07:00,CLOSE,4130.0,4121.7001953125,-8.2998046875
2025-10-14 03:00:00+07:00,SELL,,4127.2998046875,
2025-10-14 05:00:00+07:00,CLOSE,4134.2001953125,4127.2998046875,-6.900390625
2025-10-14 05:00:00+07:00,SELL,,4130.89990234375,
2025-10-14 06:00:00+07:00,CLOSE,4145.89990234375,4130.89990234375,-15.0
2025-10-14 06:00:00+07:00,SELL,,4134.2001953125,
2025-10-14 07:00:00+07:00,CLOSE,4142.2001953125,4134.2001953125,-8.0
2025-10-14 07:00:00+07:00,SELL,,4145.7001953125,
2025-10-14 08:00:00+07:00,CLOSE,4165.7001953125,4145.7001953125,-20.0
2025-10-14 08:00:00+07:00,SELL,,4142.10009765625,
2025-10-14 09:00:00+07:00,CLOSE,4162.10009765625,4142.10009765625,-20.0
2025-10-14 09:00:00+07:00,SELL,,4154.10009765625,
2025-10-14 10:00:00+07:00,CLOSE,4174.10009765625,4154.10009765625,-20.0
2025-10-14 10:00:00+07:00,SELL,,4162.0,
2025-10-14 11:00:00+07:00,CLOSE,4182.0,4162.0,-20.0
2025-10-14 11:00:00+07:00,SELL,,4175.60009765625,
2025-10-14 12:00:00+07:00,CLOSE,4145.60009765625,4175.60009765625,30.0
2025-10-14 12:00:00+07:00,SELL,,4180.7998046875,
2025-10-14 13:00:00+07:00,CLOSE,4150.7998046875,4180.7998046875,30.0
2025-10-14 13:00:00+07:00,SELL,,4135.2998046875,
2025-10-14 14:00:00+07:00,CLOSE,4141.7998046875,4135.2998046875,-6.5
2025-10-14 14:00:00+07:00,SELL,,4127.10009765625,
2025-10-14 15:00:00+07:00,CLOSE,4147.10009765625,4127.10009765625,-20.0
2025-10-14 15:00:00+07:00,SELL,,4141.60009765625,
2025-10-14 16:00:00+07:00,CLOSE,4143.7001953125,4141.60009765625,-2.10009765625
2025-10-14 16:00:00+07:00,SELL,,4157.89990234375,
2025-10-14 17:00:00+07:00,CLOSE,4149.7001953125,4157.89990234375,8.19970703125
2025-10-14 17:00:00+07:00,SELL,,4143.89990234375,
2025-10-14 18:00:00+07:00,CLOSE,4148.60009765625,4143.89990234375,-4.7001953125
2025-10-14 18:00:00+07:00,SELL,,4149.60009765625,
2025-10-14 19:00:00+07:00,CLOSE,4119.60009765625,4149.60009765625,30.0
2025-10-14 19:00:00+07:00,SELL,,4148.7998046875,
2025-10-14 20:00:00+07:00,CLOSE,4118.7998046875,4148.7998046875,30.0
2025-10-14 20:00:00+07:00,SELL,,4122.89990234375,
2025-10-14 21:00:00+07:00,CLOSE,4142.89990234375,4122.89990234375,-20.0
2025-10-14 21:00:00+07:00,SELL,,4140.5,
2025-10-14 22:00:00+07:00,CLOSE,4154.2998046875,4140.5,-13.7998046875
2025-10-14 22:00:00+07:00,SELL,,4145.39990234375,
2025-10-14 23:00:00+07:00,CLOSE,4165.39990234375,4145.39990234375,-20.0
2025-10-14 23:00:00+07:00,SELL,,4154.5,
2025-10-15 00:00:00+07:00,CLOSE,4164.2001953125,4154.5,-9.7001953125
2025-10-15 00:00:00+07:00,SELL,,4156.2001953125,
2025-10-15 01:00:00+07:00,CLOSE,4164.60009765625,4156.2001953125,-8.39990234375
2025-10-15 01:00:00+07:00,SELL,,4164.10009765625,
2025-10-15 02:00:00+07:00,CLOSE,4159.2001953125,4164.10009765625,4.89990234375
2025-10-15 02:00:00+07:00,SELL,,4164.60009765625,
2025-10-15 03:00:00+07:00,CLOSE,4159.60009765625,4164.60009765625,5.0
2025-10-15 03:00:00+07:00,SELL,,4159.2998046875,
2025-10-15 05:00:00+07:00,CLOSE,4179.2998046875,4159.2998046875,-20.0
2025-10-15 05:00:00+07:00,SELL,,4160.10009765625,
2025-10-15 06:00:00+07:00,CLOSE,4180.10009765625,4160.10009765625,-20.0
2025-10-15 06:00:00+07:00,SELL,,4174.7998046875,
2025-10-15 07:00:00+07:00,CLOSE,4180.10009765625,4174.7998046875,-5.30029296875
2025-10-15 07:00:00+07:00,SELL,,4179.60009765625,
2025-10-15 08:00:00+07:00,CLOSE,4199.60009765625,4179.60009765625,-20.0
2025-10-15 08:00:00+07:00,SELL,,4180.2998046875,
2025-10-15 09:00:00+07:00,CLOSE,4200.2998046875,4180.2998046875,-20.0
2025-10-15 09:00:00+07:00,SELL,,4201.0,
2025-10-15 10:00:00+07:00,CLOSE,4206.0,4201.0,-5.0
2025-10-15 10:00:00+07:00,SELL,,4195.39990234375,
2025-10-15 11:00:00+07:00,CLOSE,4198.7998046875,4195.39990234375,-3.39990234375
2025-10-15 11:00:00+07:00,SELL,,4206.0,
2025-10-15 12:00:00+07:00,CLOSE,4204.0,4206.0,2.0
2025-10-15 12:00:00+07:00,SELL,,4198.7001953125,
2025-10-15 13:00:00+07:00,CLOSE,4217.10009765625,4198.7001953125,-18.39990234375
2025-10-15 13:00:00+07:00,SELL,,4203.89990234375,
2025-10-15 14:00:00+07:00,CLOSE,4223.89990234375,4203.89990234375,-20.0
2025-10-15 14:00:00+07:00,SELL,,4217.0,
2025-10-15 15:00:00+07:00,CLOSE,4225.5,4217.0,-8.5
2025-10-15 15:00:00+07:00,SELL,,4225.7001953125,
2025-10-15 16:00:00+07:00,CLOSE,4195.7001953125,4225.7001953125,30.0
2025-10-15 16:00:00+07:00,SELL,,4225.7998046875,
2025-10-15 17:00:00+07:00,CLOSE,4218.89990234375,4225.7998046875,6.89990234375
2025-10-15 17:00:00+07:00,SELL,,4208.7001953125,
2025-10-15 18:00:00+07:00,CLOSE,4214.2998046875,4208.7001953125,-5.599609375
2025-10-15 18:00:00+07:00,SELL,,4218.60009765625,
2025-10-15 19:00:00+07:00,CLOSE,4207.0,4218.60009765625,11.60009765625
2025-10-15 19:00:00+07:00,SELL,,4214.5,
2025-10-15 20:00:00+07:00,CLOSE,4207.60009765625,4214.5,6.89990234375
2025-10-15 20:00:00+07:00,SELL,,4207.0,
2025-10-15 21:00:00+07:00,CLOSE,4227.0,4207.0,-20.0
2025-10-15 21:00:00+07:00,SELL,,4207.7001953125,
2025-10-15 22:00:00+07:00,CLOSE,4207.0,4207.7001953125,0.7001953125
2025-10-15 22:00:00+07:00,SELL,,4216.10009765625,
2025-10-15 23:00:00+07:00,CLOSE,4215.5,4216.10009765625,0.60009765625
2025-10-15 23:00:00+07:00,SELL,,4207.0,
2025-10-16 00:00:00+07:00,CLOSE,4214.2001953125,4207.0,-7.2001953125
2025-10-16 00:00:00+07:00,SELL,,4215.10009765625,
2025-10-16 01:00:00+07:00,CLOSE,4219.0,4215.10009765625,-3.89990234375
2025-10-16 01:00:00+07:00,SELL,,4214.39990234375,
2025-10-16 02:00:00+07:00,CLOSE,4226.0,4214.39990234375,-11.60009765625
2025-10-16 02:00:00+07:00,SELL,,4218.7998046875,
2025-10-16 03:00:00+07:00,CLOSE,4224.89990234375,4218.7998046875,-6.10009765625
2025-10-16 03:00:00+07:00,SELL,,4226.0,
2025-10-16 05:00:00+07:00,CLOSE,4227.39990234375,4226.0,-1.39990234375
2025-10-16 05:00:00+07:00,SELL,,4225.10009765625,
2025-10-16 06:00:00+07:00,CLOSE,4223.2001953125,4225.10009765625,1.89990234375
2025-10-16 06:00:00+07:00,SELL,,4227.7998046875,
2025-10-16 07:00:00+07:00,CLOSE,4224.5,4227.7998046875,3.2998046875
2025-10-16 07:00:00+07:00,SELL,,4223.10009765625,
2025-10-16 08:00:00+07:00,CLOSE,4243.10009765625,4223.10009765625,-20.0
2025-10-16 08:00:00+07:00,SELL,,4224.7001953125,
2025-10-16 09:00:00+07:00,CLOSE,4244.7001953125,4224.7001953125,-20.0
2025-10-16 09:00:00+07:00,SELL,,4243.7998046875,
2025-10-16 10:00:00+07:00,CLOSE,4249.2001953125,4243.7998046875,-5.400390625
2025-10-16 10:00:00+07:00,SELL,,4252.7998046875,
2025-10-16 11:00:00+07:00,CLOSE,4246.7001953125,4252.7998046875,6.099609375
2025-10-16 11:00:00+07:00,SELL,,4247.60009765625,
2025-10-16 12:00:00+07:00,CLOSE,4217.60009765625,4247.60009765625,30.0
2025-10-16 12:00:00+07:00,SELL,,4246.60009765625,
2025-10-16 13:00:00+07:00,CLOSE,4236.7998046875,4246.60009765625,9.80029296875
2025-10-16 13:00:00+07:00,SELL,,4218.5,
2025-10-16 14:00:00+07:00,CLOSE,4238.5,4218.5,-20.0
2025-10-16 14:00:00+07:00,SELL,,4236.7001953125,
2025-10-16 15:00:00+07:00,CLOSE,4247.60009765625,4236.7001953125,-10.89990234375
2025-10-16 15:00:00+07:00,SELL,,4244.60009765625,
2025-10-16 16:00:00+07:00,CLOSE,4254.89990234375,4244.60009765625,-10.2998046875
2025-10-16 16:00:00+07:00,SELL,,4247.5,
2025-10-16 17:00:00+07:00,CLOSE,4259.10009765625,4247.5,-11.60009765625
2025-10-16 17:00:00+07:00,SELL,,4255.0,
2025-10-16 18:00:00+07:00,CLOSE,4256.10009765625,4255.0,-1.10009765625
2025-10-16 18:00:00+07:00,SELL,,4259.2001953125,
2025-10-16 19:00:00+07:00,CLOSE,4250.39990234375,4259.2001953125,8.80029296875
2025-10-16 19:00:00+07:00,SELL,,4256.2998046875,
2025-10-16 20:00:00+07:00,CLOSE,4262.5,4256.2998046875,-6.2001953125
2025-10-16 20:00:00+07:00,SELL,,4250.7001953125,
2025-10-16 21:00:00+07:00,CLOSE,4270.7001953125,4250.7001953125,-20.0
2025-10-16 21:00:00+07:00,SELL,,4262.39990234375,
2025-10-16 22:00:00+07:00,CLOSE,4282.39990234375,4262.39990234375,-20.0
2025-10-16 22:00:00+07:00,SELL,,4278.7998046875,
2025-10-16 23:00:00+07:00,CLOSE,4298.7998046875,4278.7998046875,-20.0
2025-10-16 23:00:00+07:00,SELL,,4289.5,
2025-10-17 00:00:00+07:00,CLOSE,4309.5,4289.5,-20.0
2025-10-17 00:00:00+07:00,SELL,,4297.10009765625,
2025-10-17 01:00:00+07:00,CLOSE,4306.0,4297.10009765625,-8.89990234375
2025-10-17 01:00:00+07:00,SELL,,4309.39990234375,
2025-10-17 02:00:00+07:00,CLOSE,4321.39990234375,4309.39990234375,-12.0
2025-10-17 02:00:00+07:00,SELL,,4305.60009765625,
2025-10-17 03:00:00+07:00,CLOSE,4325.60009765625,4305.60009765625,-20.0
2025-10-17 03:00:00+07:00,SELL,,4321.89990234375,
2025-10-17 05:00:00+07:00,CLOSE,4341.89990234375,4321.89990234375,-20.0
2025-10-17 05:00:00+07:00,SELL,,4348.10009765625,
2025-10-17 06:00:00+07:00,CLOSE,4368.10009765625,4348.10009765625,-20.0
2025-10-17 06:00:00+07:00,SELL,,4360.2001953125,
2025-10-17 07:00:00+07:00,CLOSE,4380.2001953125,4360.2001953125,-20.0
2025-10-17 07:00:00+07:00,SELL,,4378.2998046875,
2025-10-17 08:00:00+07:00,CLOSE,4348.2998046875,4378.2998046875,30.0
2025-10-17 08:00:00+07:00,SELL,,4369.7001953125,
2025-10-17 09:00:00+07:00,CLOSE,4339.7001953125,4369.7001953125,30.0
2025-10-17 09:00:00+07:00,SELL,,4326.10009765625,
2025-10-17 10:00:00+07:00,CLOSE,4346.10009765625,4326.10009765625,-20.0
2025-10-17 10:00:00+07:00,SELL,,4355.60009765625,
2025-10-17 11:00:00+07:00,CLOSE,4375.60009765625,4355.60009765625,-20.0
2025-10-17 11:00:00+07:00,SELL,,4378.89990234375,
2025-10-17 12:00:00+07:00,CLOSE,4378.39990234375,4378.89990234375,0.5
2025-10-17 12:00:00+07:00,SELL,,4388.2001953125,
2025-10-17 13:00:00+07:00,CLOSE,4372.5,4388.2001953125,15.7001953125
2025-10-17 13:00:00+07:00,SELL,,4378.5,
2025-10-17 14:00:00+07:00,CLOSE,4348.5,4378.5,30.0
2025-10-17 14:00:00+07:00,SELL,,4372.0,
2025-10-17 15:00:00+07:00,CLOSE,4342.0,4372.0,30.0
2025-10-17 15:00:00+07:00,SELL,,4354.5,
2025-10-17 16:00:00+07:00,CLOSE,4353.2998046875,4354.5,1.2001953125
2025-10-17 16:00:00+07:00,SELL,,4360.2001953125,
2025-10-17 17:00:00+07:00,CLOSE,4339.7001953125,4360.2001953125,20.5
2025-10-17 17:00:00+07:00,SELL,,4353.10009765625,
2025-10-17 18:00:00+07:00,CLOSE,4323.10009765625,4353.10009765625,30.0
2025-10-17 18:00:00+07:00,SELL,,4339.7001953125,
2025-10-17 19:00:00+07:00,CLOSE,4309.7001953125,4339.7001953125,30.0
2025-10-17 19:00:00+07:00,SELL,,4298.7001953125,
2025-10-17 20:00:00+07:00,CLOSE,4268.7001953125,4298.7001953125,30.0
2025-10-17 20:00:00+07:00,SELL,,4326.60009765625,
2025-10-17 21:00:00+07:00,CLOSE,4296.60009765625,4326.60009765625,30.0
2025-10-17 21:00:00+07:00,SELL,,4286.39990234375,
2025-10-17 22:00:00+07:00,CLOSE,4256.39990234375,4286.39990234375,30.0
2025-10-17 22:00:00+07:00,SELL,,4262.2998046875,
2025-10-17 23:00:00+07:00,CLOSE,4232.2998046875,4262.2998046875,30.0
2025-10-17 23:00:00+07:00,SELL,,4251.5,
2025-10-18 00:00:00+07:00,CLOSE,4221.5,4251.5,30.0
2025-10-18 00:00:00+07:00,SELL,,4217.5,
2025-10-18 01:00:00+07:00,CLOSE,4237.5,4217.5,-20.0
2025-10-18 01:00:00+07:00,SELL,,4234.2001953125,
2025-10-18 02:00:00+07:00,CLOSE,4240.2998046875,4234.2001953125,-6.099609375
2025-10-18 02:00:00+07:00,SELL,,4249.7998046875,
2025-10-18 03:00:00+07:00,CLOSE,4219.7998046875,4249.7998046875,30.0
2025-10-18 03:00:00+07:00,SELL,,4241.7001953125,
2025-10-20 05:00:00+07:00,CLOSE,4261.7001953125,4241.7001953125,-20.0
2025-10-20 05:00:00+07:00,SELL,,4269.0,
2025-10-20 06:00:00+07:00,CLOSE,4250.0,4269.0,19.0
2025-10-20 06:00:00+07:00,SELL,,4269.7001953125,
2025-10-20 07:00:00+07:00,CLOSE,4239.7001953125,4269.7001953125,30.0
2025-10-20 07:00:00+07:00,SELL,,4249.39990234375,
2025-10-20 08:00:00+07:00,CLOSE,4269.39990234375,4249.39990234375,-20.0
2025-10-20 08:00:00+07:00,SELL,,4260.5,
2025-10-20 09:00:00+07:00,CLOSE,4280.5,4260.5,-20.0
2025-10-20 09:00:00+07:00,SELL,,4274.7001953125,
2025-10-20 10:00:00+07:00,CLOSE,4277.7998046875,4274.7001953125,-3.099609375
2025-10-20 10:00:00+07:00,SELL,,4266.7998046875,
2025-10-20 11:00:00+07:00,CLOSE,4279.7998046875,4266.7998046875,-13.0
2025-10-20 11:00:00+07:00,SELL,,4278.0,
2025-10-20 12:00:00+07:00,CLOSE,4251.89990234375,4278.0,26.10009765625
2025-10-20 12:00:00+07:00,SELL,,4279.2998046875,
2025-10-20 13:00:00+07:00,CLOSE,4249.2998046875,4279.2998046875,30.0
2025-10-20 13:00:00+07:00,SELL,,4252.2998046875,
2025-10-20 14:00:00+07:00,CLOSE,4272.2998046875,4252.2998046875,-20.0
2025-10-20 14:00:00+07:00,SELL,,4249.0,
2025-10-20 15:00:00+07:00,CLOSE,4269.0,4249.0,-20.0
2025-10-20 15:00:00+07:00,SELL,,4269.10009765625,
2025-10-20 16:00:00+07:00,CLOSE,4275.39990234375,4269.10009765625,-6.2998046875
2025-10-20 16:00:00+07:00,SELL,,4273.2998046875,
2025-10-20 17:00:00+07:00,CLOSE,4269.89990234375,4273.2998046875,3.39990234375
2025-10-20 17:00:00+07:00,SELL,,4275.39990234375,
2025-10-20 18:00:00+07:00,CLOSE,4294.7998046875,4275.39990234375,-19.39990234375
2025-10-20 18:00:00+07:00,SELL,,4269.5,
2025-10-20 19:00:00+07:00,CLOSE,4289.5,4269.5,-20.0
2025-10-20 19:00:00+07:00,SELL,,4294.60009765625,
2025-10-20 20:00:00+07:00,CLOSE,4314.60009765625,4294.60009765625,-20.0
2025-10-20 20:00:00+07:00,SELL,,4340.89990234375,
2025-10-20 21:00:00+07:00,CLOSE,4310.89990234375,4340.89990234375,30.0
2025-10-20 21:00:00+07:00,SELL,,4316.7998046875,
2025-10-20 22:00:00+07:00,CLOSE,4336.7998046875,4316.7998046875,-20.0
2025-10-20 22:00:00+07:00,SELL,,4348.7001953125,
2025-10-20 23:00:00+07:00,CLOSE,4365.2001953125,4348.7001953125,-16.5
2025-10-20 23:00:00+07:00,SELL,,4366.0,
2025-10-21 00:00:00+07:00,CLOSE,4365.7001953125,4366.0,0.2998046875
2025-10-21 00:00:00+07:00,SELL,,4365.39990234375,
2025-10-21 01:00:00+07:00,CLOSE,4376.2998046875,4365.39990234375,-10.89990234375
2025-10-21 01:00:00+07:00,SELL,,4365.7998046875,
2025-10-21 02:00:00+07:00,CLOSE,4385.7998046875,4365.7998046875,-20.0
2025-10-21 02:00:00+07:00,SELL,,4376.39990234375,
2025-10-21 03:00:00+07:00,CLOSE,4396.39990234375,4376.39990234375,-20.0
2025-10-21 03:00:00+07:00,SELL,,4394.39990234375,
2025-10-21 05:00:00+07:00,CLOSE,4385.2998046875,4394.39990234375,9.10009765625
2025-10-21 05:00:00+07:00,SELL,,4371.0,
2025-10-21 06:00:00+07:00,CLOSE,4377.2998046875,4371.0,-6.2998046875
2025-10-21 06:00:00+07:00,SELL,,4385.5,
2025-10-21 07:00:00+07:00,CLOSE,4386.0,4385.5,-0.5
2025-10-21 07:00:00+07:00,SELL,,4377.39990234375,
2025-10-21 08:00:00+07:00,CLOSE,4367.7001953125,4377.39990234375,9.69970703125
2025-10-21 08:00:00+07:00,SELL,,4385.89990234375,
2025-10-21 09:00:00+07:00,CLOSE,4355.89990234375,4385.89990234375,30.0
2025-10-21 09:00:00+07:00,SELL,,4368.10009765625,
2025-10-21 10:00:00+07:00,CLOSE,4362.89990234375,4368.10009765625,5.2001953125
2025-10-21 10:00:00+07:00,SELL,,4354.7998046875,
2025-10-21 11:00:00+07:00,CLOSE,4358.39990234375,4354.7998046875,-3.60009765625
2025-10-21 11:00:00+07:00,SELL,,4362.7998046875,
2025-10-21 12:00:00+07:00,CLOSE,4332.7998046875,4362.7998046875,30.0
2025-10-21 12:00:00+07:00,SELL,,4358.2998046875,
2025-10-21 13:00:00+07:00,CLOSE,4358.60009765625,4358.2998046875,-0.30029296875
2025-10-21 13:00:00+07:00,SELL,,4338.60009765625,
2025-10-21 14:00:00+07:00,CLOSE,4358.60009765625,4338.60009765625,-20.0
2025-10-21 14:00:00+07:00,SELL,,4358.5,
2025-10-21 15:00:00+07:00,CLOSE,4328.5,4358.5,30.0
2025-10-21 15:00:00+07:00,SELL,,4312.60009765625,
2025-10-21 16:00:00+07:00,CLOSE,4282.60009765625,4312.60009765625,30.0
2025-10-21 16:00:00+07:00,SELL,,4287.2998046875,
2025-10-21 17:00:00+07:00,CLOSE,4268.2001953125,4287.2998046875,19.099609375
2025-10-21 17:00:00+07:00,SELL,,4278.89990234375,
2025-10-21 18:00:00+07:00,CLOSE,4266.7998046875,4278.89990234375,12.10009765625
2025-10-21 18:00:00+07:00,SELL,,4268.0,
2025-10-21 19:00:00+07:00,CLOSE,4238.0,4268.0,30.0
2025-10-21 19:00:00+07:00,SELL,,4266.7998046875,
2025-10-21 20:00:00+07:00,CLOSE,4236.7998046875,4266.7998046875,30.0
2025-10-21 20:00:00+07:00,SELL,,4223.5,
2025-10-21 21:00:00+07:00,CLOSE,4193.5,4223.5,30.0
2025-10-21 21:00:00+07:00,SELL,,4185.89990234375,
2025-10-21 22:00:00+07:00,CLOSE,4155.89990234375,4185.89990234375,30.0
2025-10-21 22:00:00+07:00,SELL,,4152.0,
2025-10-21 23:00:00+07:00,CLOSE,4122.0,4152.0,30.0
2025-10-21 23:00:00+07:00,SELL,,4150.5,
2025-10-22 00:00:00+07:00,CLOSE,4120.5,4150.5,30.0
2025-10-22 00:00:00+07:00,SELL,,4125.2001953125,
2025-10-22 01:00:00+07:00,CLOSE,4128.2001953125,4125.2001953125,-3.0
2025-10-22 01:00:00+07:00,SELL,,4124.0,
2025-10-22 02:00:00+07:00,CLOSE,4124.2001953125,4124.0,-0.2001953125
2025-10-22 02:00:00+07:00,SELL,,4128.39990234375,
2025-10-22 03:00:00+07:00,CLOSE,4138.5,4128.39990234375,-10.10009765625
2025-10-22 03:00:00+07:00,SELL,,4124.5,
2025-10-22 05:00:00+07:00,CLOSE,4144.5,4124.5,-20.0
2025-10-22 05:00:00+07:00,SELL,,4137.0,
2025-10-22 06:00:00+07:00,CLOSE,4107.0,4137.0,30.0
2025-10-22 06:00:00+07:00,SELL,,4136.10009765625,
2025-10-22 07:00:00+07:00,CLOSE,4106.10009765625,4136.10009765625,30.0
2025-10-22 07:00:00+07:00,SELL,,4106.7998046875,
2025-10-22 08:00:00+07:00,CLOSE,4126.7998046875,4106.7998046875,-20.0
2025-10-22 08:00:00+07:00,SELL,,4088.5,
2025-10-22 09:00:00+07:00,CLOSE,4108.5,4088.5,-20.0
2025-10-22 09:00:00+07:00,SELL,,4100.7001953125,
2025-10-22 10:00:00+07:00,CLOSE,4120.7001953125,4100.7001953125,-20.0
2025-10-22 10:00:00+07:00,SELL,,4129.10009765625,
2025-10-22 11:00:00+07:00,CLOSE,4141.89990234375,4129.10009765625,-12.7998046875
2025-10-22 11:00:00+07:00,SELL,,4142.7998046875,
2025-10-22 12:00:00+07:00,CLOSE,4148.7001953125,4142.7998046875,-5.900390625
2025-10-22 12:00:00+07:00,SELL,,4142.39990234375,
2025-10-22 13:00:00+07:00,CLOSE,4162.39990234375,4142.39990234375,-20.0
2025-10-22 13:00:00+07:00,SELL,,4148.7998046875,
2025-10-22 14:00:00+07:00,CLOSE,4168.7998046875,4148.7998046875,-20.0
2025-10-22 14:00:00+07:00,SELL,,4169.2998046875,
2025-10-22 15:00:00+07:00,CLOSE,4139.2998046875,4169.2998046875,30.0
2025-10-22 15:00:00+07:00,SELL,,4146.2001953125,
2025-10-22 16:00:00+07:00,CLOSE,4116.2001953125,4146.2001953125,30.0
2025-10-22 16:00:00+07:00,SELL,,4083.699951171875,
2025-10-22 17:00:00+07:00,CLOSE,4053.699951171875,4083.699951171875,30.0
2025-10-22 17:00:00+07:00,SELL,,4083.89990234375,
2025-10-22 18:00:00+07:00,CLOSE,4053.89990234375,4083.89990234375,30.0
2025-10-22 18:00:00+07:00,SELL,,4049.39990234375,
2025-10-22 19:00:00+07:00,CLOSE,4048.89990234375,4049.39990234375,0.5
2025-10-22 19:00:00+07:00,SELL,,4042.5,
2025-10-22 20:00:00+07:00,CLOSE,4062.5,4042.5,-20.0
2025-10-22 20:00:00+07:00,BUY,4048.89990234375,,
2025-10-22 21:00:00+07:00,CLOSE,4048.89990234375,4078.89990234375,30.0
2025-10-22 21:00:00+07:00,SELL,,4090.60009765625,
2025-10-22 22:00:00+07:00,CLOSE,4060.60009765625,4090.60009765625,30.0
2025-10-22 22:00:00+07:00,SELL,,4030.699951171875,
2025-10-22 23:00:00+07:00,CLOSE,4050.699951171875,4030.699951171875,-20.0
2025-10-22 23:00:00+07:00,SELL,,4053.5,
2025-10-23 00:00:00+07:00,CLOSE,4073.5,4053.5,-20.0
2025-10-23 00:00:00+07:00,SELL,,4074.699951171875,
2025-10-23 01:00:00+07:00,CLOSE,4094.699951171875,4074.699951171875,-20.0
2025-10-23 01:00:00+07:00,SELL,,4086.5,
2025-10-23 02:00:00+07:00,CLOSE,4106.5,4086.5,-20.0
2025-10-23 02:00:00+07:00,SELL,,4094.199951171875,
2025-10-23 03:00:00+07:00,CLOSE,4114.199951171875,4094.199951171875,-20.0
2025-10-23 03:00:00+07:00,SELL,,4120.39990234375,
2025-10-23 05:00:00+07:00,CLOSE,4119.2001953125,4120.39990234375,1.19970703125
2025-10-23 05:00:00+07:00,SELL,,4114.7998046875,
2025-10-23 06:00:00+07:00,CLOSE,4104.7001953125,4114.7998046875,10.099609375
2025-10-23 06:00:00+07:00,SELL,,4119.2001953125,
2025-10-23 07:00:00+07:00,CLOSE,4089.2001953125,4119.2001953125,30.0
2025-10-23 07:00:00+07:00,SELL,,4104.2001953125,
2025-10-23 08:00:00+07:00,CLOSE,4088.5,4104.2001953125,15.7001953125
2025-10-23 08:00:00+07:00,SELL,,4097.7001953125,
2025-10-23 09:00:00+07:00,CLOSE,4098.10009765625,4097.7001953125,-0.39990234375
2025-10-23 09:00:00+07:00,SELL,,4088.89990234375,
2025-10-23 10:00:00+07:00,CLOSE,4108.89990234375,4088.89990234375,-20.0
2025-10-23 10:00:00+07:00,SELL,,4098.0,
2025-10-23 11:00:00+07:00,CLOSE,4104.60009765625,4098.0,-6.60009765625
2025-10-23 11:00:00+07:00,SELL,,4106.7001953125,
2025-10-23 12:00:00+07:00,CLOSE,4124.60009765625,4106.7001953125,-17.89990234375
2025-10-23 12:00:00+07:00,SELL,,4104.2998046875,
2025-10-23 13:00:00+07:00,CLOSE,4124.2998046875,4104.2998046875,-20.0
2025-10-23 13:00:00+07:00,SELL,,4124.7001953125,
2025-10-23 14:00:00+07:00,CLOSE,4109.60009765625,4124.7001953125,15.10009765625
2025-10-23 14:00:00+07:00,SELL,,4127.7998046875,
2025-10-23 15:00:00+07:00,CLOSE,4131.5,4127.7998046875,-3.7001953125
2025-10-23 15:00:00+07:00,SELL,,4109.89990234375,
2025-10-23 16:00:00+07:00,CLOSE,4129.89990234375,4109.89990234375,-20.0
2025-10-23 16:00:00+07:00,SELL,,4131.5,
2025-10-23 17:00:00+07:00,CLOSE,4122.89990234375,4131.5,8.60009765625
2025-10-23 17:00:00+07:00,SELL,,4139.60009765625,
2025-10-23 18:00:00+07:00,CLOSE,4123.7001953125,4139.60009765625,15.89990234375
2025-10-23 18:00:00+07:00,SELL,,4122.89990234375,
2025-10-23 19:00:00+07:00,CLOSE,4142.89990234375,4122.89990234375,-20.0
2025-10-23 19:00:00+07:00,SELL,,4123.39990234375,
2025-10-23 20:00:00+07:00,CLOSE,4143.39990234375,4123.39990234375,-20.0
2025-10-23 20:00:00+07:00,SELL,,4142.10009765625,
2025-10-23 21:00:00+07:00,CLOSE,4162.10009765625,4142.10009765625,-20.0
2025-10-23 21:00:00+07:00,SELL,,4161.10009765625,
2025-10-23 22:00:00+07:00,CLOSE,4158.60009765625,4161.10009765625,2.5
2025-10-23 22:00:00+07:00,SELL,,4164.5,
2025-10-23 23:00:00+07:00,CLOSE,4149.39990234375,4164.5,15.10009765625
2025-10-23 23:00:00+07:00,SELL,,4158.60009765625,
2025-10-24 00:00:00+07:00,CLOSE,4153.89990234375,4158.60009765625,4.7001953125
2025-10-24 00:00:00+07:00,SELL,,4149.2001953125,
2025-10-24 01:00:00+07:00,CLOSE,4152.2998046875,4149.2001953125,-3.099609375
2025-10-24 01:00:00+07:00,SELL,,4153.89990234375,
2025-10-24 02:00:00+07:00,CLOSE,4134.60009765625,4153.89990234375,19.2998046875
2025-10-24 02:00:00+07:00,SELL,,4152.2998046875,
2025-10-24 03:00:00+07:00,CLOSE,4143.2001953125,4152.2998046875,9.099609375
2025-10-24 03:00:00+07:00,SELL,,4134.60009765625,
2025-10-24 05:00:00+07:00,CLOSE,4132.39990234375,4134.60009765625,2.2001953125
2025-10-24 05:00:00+07:00,SELL,,4144.0,
2025-10-24 06:00:00+07:00,CLOSE,4136.7998046875,4144.0,7.2001953125
2025-10-24 06:00:00+07:00,SELL,,4132.5,
2025-10-24 07:00:00+07:00,CLOSE,4147.60009765625,4132.5,-15.10009765625
2025-10-24 07:00:00+07:00,SELL,,4137.10009765625,
2025-10-24 08:00:00+07:00,CLOSE,4157.10009765625,4137.10009765625,-20.0
2025-10-24 08:00:00+07:00,SELL,,4147.7001953125,
2025-10-24 09:00:00+07:00,CLOSE,4123.7001953125,4147.7001953125,24.0
2025-10-24 09:00:00+07:00,SELL,,4133.2998046875,
2025-10-24 10:00:00+07:00,CLOSE,4135.89990234375,4133.2998046875,-2.60009765625
2025-10-24 10:00:00+07:00,SELL,,4123.60009765625,
2025-10-24 11:00:00+07:00,CLOSE,4124.7001953125,4123.60009765625,-1.10009765625
2025-10-24 11:00:00+07:00,SELL,,4136.2001953125,
2025-10-24 12:00:00+07:00,CLOSE,4118.5,4136.2001953125,17.7001953125
2025-10-24 12:00:00+07:00,SELL,,4124.89990234375,
2025-10-24 13:00:00+07:00,CLOSE,4107.5,4124.89990234375,17.39990234375
2025-10-24 13:00:00+07:00,SELL,,4118.2998046875,
2025-10-24 14:00:00+07:00,CLOSE,4088.2998046875,4118.2998046875,30.0
2025-10-24 14:00:00+07:00,SELL,,4107.39990234375,
2025-10-24 15:00:00+07:00,CLOSE,4077.39990234375,4107.39990234375,30.0
2025-10-24 15:00:00+07:00,SELL,,4088.800048828125,
2025-10-24 16:00:00+07:00,CLOSE,4075.5,4088.800048828125,13.300048828125
2025-10-24 16:00:00+07:00,SELL,,4078.699951171875,
2025-10-24 17:00:00+07:00,CLOSE,4068.39990234375,4078.699951171875,10.300048828125
2025-10-24 17:00:00+07:00,SELL,,4074.89990234375,
2025-10-24 18:00:00+07:00,CLOSE,4075.60009765625,4074.89990234375,-0.7001953125
2025-10-24 18:00:00+07:00,SELL,,4068.199951171875,
2025-10-24 19:00:00+07:00,CLOSE,4088.199951171875,4068.199951171875,-20.0
2025-10-24 19:00:00+07:00,SELL,,4075.699951171875,
2025-10-24 20:00:00+07:00,CLOSE,4095.699951171875,4075.699951171875,-20.0
2025-10-24 20:00:00+07:00,SELL,,4096.2998046875,
2025-10-24 21:00:00+07:00,CLOSE,4116.2998046875,4096.2998046875,-20.0
2025-10-24 21:00:00+07:00,SELL,,4121.2998046875,
2025-10-24 22:00:00+07:00,CLOSE,4141.2998046875,4121.2998046875,-20.0
2025-10-24 22:00:00+07:00,SELL,,4133.10009765625,
2025-10-24 23:00:00+07:00,CLOSE,4153.10009765625,4133.10009765625,-20.0
2025-10-24 23:00:00+07:00,SELL,,4146.60009765625,
2025-10-25 00:00:00+07:00,CLOSE,4123.39990234375,4146.60009765625,23.2001953125
2025-10-25 00:00:00+07:00,SELL,,4146.2998046875,
2025-10-25 01:00:00+07:00,CLOSE,4126.7001953125,4146.2998046875,19.599609375
2025-10-25 01:00:00+07:00,SELL,,4123.5,
2025-10-25 02:00:00+07:00,CLOSE,4119.7001953125,4123.5,3.7998046875
2025-10-25 02:00:00+07:00,SELL,,4126.2998046875,
2025-10-25 03:00:00+07:00,CLOSE,4137.7998046875,4126.2998046875,-11.5
2025-10-25 03:00:00+07:00,SELL,,4119.7001953125,
2025-10-27 05:00:00+07:00,CLOSE,4089.7001953125,4119.7001953125,30.0
2025-10-27 05:00:00+07:00,SELL,,4103.2001953125,
2025-10-27 06:00:00+07:00,CLOSE,4078.199951171875,4103.2001953125,25.000244140625
2025-10-27 06:00:00+07:00,SELL,,4097.2998046875,
2025-10-27 07:00:00+07:00,CLOSE,4095.199951171875,4097.2998046875,2.099853515625
2025-10-27 07:00:00+07:00,SELL,,4078.699951171875,
2025-10-27 08:00:00+07:00,CLOSE,4098.699951171875,4078.699951171875,-20.0
2025-10-27 08:00:00+07:00,SELL,,4094.89990234375,
2025-10-27 09:00:00+07:00,CLOSE,4084.699951171875,4094.89990234375,10.199951171875
2025-10-27 09:00:00+07:00,SELL,,4094.60009765625,
2025-10-27 10:00:00+07:00,CLOSE,4083.5,4094.60009765625,11.10009765625
2025-10-27 10:00:00+07:00,SELL,,4084.89990234375,
2025-10-27 11:00:00+07:00,CLOSE,4081.800048828125,4084.89990234375,3.099853515625
2025-10-27 11:00:00+07:00,SELL,,4082.0,
2025-10-27 12:00:00+07:00,CLOSE,4093.5,4082.0,-11.5
2025-10-27 12:00:00+07:00,SELL,,4081.5,
2025-10-27 13:00:00+07:00,CLOSE,4091.800048828125,4081.5,-10.300048828125
2025-10-27 13:00:00+07:00,SELL,,4093.5,
2025-10-27 14:00:00+07:00,CLOSE,4081.699951171875,4093.5,11.800048828125
2025-10-27 14:00:00+07:00,SELL,,4091.800048828125,
2025-10-27 15:00:00+07:00,CLOSE,4061.800048828125,4091.800048828125,30.0
2025-10-27 15:00:00+07:00,SELL,,4081.60009765625,
2025-10-27 16:00:00+07:00,CLOSE,4051.60009765625,4081.60009765625,30.0
2025-10-27 16:00:00+07:00,SELL,,4055.39990234375,
2025-10-27 17:00:00+07:00,CLOSE,4050.800048828125,4055.39990234375,4.599853515625
2025-10-27 17:00:00+07:00,SELL,,4053.0,
2025-10-27 18:00:00+07:00,CLOSE,4038.0,4053.0,15.0
2025-10-27 18:00:00+07:00,SELL,,4051.0,
2025-10-27 19:00:00+07:00,CLOSE,4060.10009765625,4051.0,-9.10009765625
2025-10-27 19:00:00+07:00,SELL,,4037.89990234375,
2025-10-27 20:00:00+07:00,CLOSE,4057.89990234375,4037.89990234375,-20.0
2025-10-27 20:00:00+07:00,SELL,,4060.300048828125,
2025-10-27 21:00:00+07:00,CLOSE,4030.300048828125,4060.300048828125,30.0
2025-10-27 21:00:00+07:00,SELL,,4035.699951171875,
2025-10-27 22:00:00+07:00,CLOSE,4005.699951171875,4035.699951171875,30.0
2025-10-27 22:00:00+07:00,SELL,,4002.10009765625,
2025-10-27 23:00:00+07:00,CLOSE,4014.300048828125,4002.10009765625,-12.199951171875
2025-10-27 23:00:00+07:00,SELL,,4004.800048828125,
2025-10-28 00:00:00+07:00,CLOSE,4021.699951171875,4004.800048828125,-16.89990234375
2025-10-28 00:00:00+07:00,SELL,,4014.5,
2025-10-28 01:00:00+07:00,CLOSE,4014.10009765625,4014.5,0.39990234375
2025-10-28 01:00:00+07:00,SELL,,4021.800048828125,
2025-10-28 02:00:00+07:00,CLOSE,4006.0,4021.800048828125,15.800048828125
2025-10-28 02:00:00+07:00,SELL,,4014.199951171875,
2025-10-28 03:00:00+07:00,CLOSE,3997.0,4014.199951171875,17.199951171875
2025-10-28 03:00:00+07:00,SELL,,4005.800048828125,
2025-10-28 05:00:00+07:00,CLOSE,4004.5,4005.800048828125,1.300048828125
2025-10-28 05:00:00+07:00,SELL,,3999.89990234375,
2025-10-28 06:00:00+07:00,CLOSE,4012.5,3999.89990234375,-12.60009765625
2025-10-28 06:00:00+07:00,SELL,,4004.199951171875,
2025-10-28 07:00:00+07:00,CLOSE,4024.199951171875,4004.199951171875,-20.0
2025-10-28 07:00:00+07:00,SELL,,4012.800048828125,
2025-10-28 08:00:00+07:00,CLOSE,4032.800048828125,4012.800048828125,-20.0
2025-10-28 08:00:00+07:00,SELL,,4021.800048828125,
2025-10-28 09:00:00+07:00,CLOSE,3998.60009765625,4021.800048828125,23.199951171875
2025-10-28 09:00:00+07:00,SELL,,4024.39990234375,
2025-10-28 10:00:00+07:00,CLOSE,4006.60009765625,4024.39990234375,17.7998046875
2025-10-28 10:00:00+07:00,SELL,,3998.300048828125,
2025-10-28 11:00:00+07:00,CLOSE,3988.0,3998.300048828125,10.300048828125
2025-10-28 11:00:00+07:00,SELL,,4007.0,
2025-10-28 12:00:00+07:00,CLOSE,3977.0,4007.0,30.0
2025-10-28 12:00:00+07:00,SELL,,3988.300048828125,
2025-10-28 13:00:00+07:00,CLOSE,3958.300048828125,3988.300048828125,30.0
2025-10-28 13:00:00+07:00,SELL,,3980.5,
2025-10-28 14:00:00+07:00,CLOSE,3950.5,3980.5,30.0
2025-10-28 14:00:00+07:00,SELL,,3958.199951171875,
2025-10-28 15:00:00+07:00,CLOSE,3928.199951171875,3958.199951171875,30.0
2025-10-28 15:00:00+07:00,SELL,,3947.60009765625,
2025-10-28 16:00:00+07:00,CLOSE,3917.60009765625,3947.60009765625,30.0
2025-10-28 16:00:00+07:00,SELL,,3911.699951171875,
2025-10-28 17:00:00+07:00,CLOSE,3931.699951171875,3911.699951171875,-20.0
2025-10-28 17:00:00+07:00,SELL,,3918.60009765625,
2025-10-28 18:00:00+07:00,CLOSE,3938.60009765625,3918.60009765625,-20.0
2025-10-28 18:00:00+07:00,SELL,,3941.0,
2025-10-28 19:00:00+07:00,CLOSE,3927.0,3941.0,14.0
2025-10-28 19:00:00+07:00,SELL,,3937.0,
2025-10-28 20:00:00+07:00,CLOSE,3953.5,3937.0,-16.5
2025-10-28 20:00:00+07:00,SELL,,3927.199951171875,
2025-10-28 21:00:00+07:00,CLOSE,3947.199951171875,3927.199951171875,-20.0
2025-10-28 21:00:00+07:00,SELL,,3953.89990234375,
2025-10-28 22:00:00+07:00,CLOSE,3973.89990234375,3953.89990234375,-20.0
2025-10-28 22:00:00+07:00,SELL,,3964.5,
2025-10-28 23:00:00+07:00,CLOSE,3973.5,3964.5,-9.0
2025-10-28 23:00:00+07:00,SELL,,3978.699951171875,
2025-10-29 00:00:00+07:00,CLOSE,3976.60009765625,3978.699951171875,2.099853515625
2025-10-29 00:00:00+07:00,SELL,,3973.39990234375,
2025-10-29 01:00:00+07:00,CLOSE,3971.60009765625,3973.39990234375,1.7998046875
2025-10-29 01:00:00+07:00,SELL,,3976.5,
2025-10-29 02:00:00+07:00,CLOSE,3975.800048828125,3976.5,0.699951171875
2025-10-29 02:00:00+07:00,SELL,,3971.5,
2025-10-29 03:00:00+07:00,CLOSE,3968.10009765625,3971.5,3.39990234375
2025-10-29 03:00:00+07:00,SELL,,3975.39990234375,
2025-10-29 05:00:00+07:00,CLOSE,3945.39990234375,3975.39990234375,30.0
2025-10-29 05:00:00+07:00,SELL,,3967.199951171875,
2025-10-29 06:00:00+07:00,CLOSE,3979.0,3967.199951171875,-11.800048828125
2025-10-29 06:00:00+07:00,SELL,,3949.10009765625,
2025-10-29 07:00:00+07:00,CLOSE,3969.10009765625,3949.10009765625,-20.0
2025-10-29 07:00:00+07:00,SELL,,3978.60009765625,
2025-10-29 08:00:00+07:00,CLOSE,3987.300048828125,3978.60009765625,-8.699951171875
2025-10-29 08:00:00+07:00,SELL,,3988.89990234375,
2025-10-29 09:00:00+07:00,CLOSE,3958.89990234375,3988.89990234375,30.0
2025-10-29 09:00:00+07:00,SELL,,3987.199951171875,
2025-10-29 10:00:00+07:00,CLOSE,3977.300048828125,3987.199951171875,9.89990234375
2025-10-29 10:00:00+07:00,SELL,,3974.60009765625,
2025-10-29 11:00:00+07:00,CLOSE,3965.800048828125,3974.60009765625,8.800048828125
2025-10-29 11:00:00+07:00,SELL,,3977.199951171875,
2025-10-29 12:00:00+07:00,CLOSE,3976.0,3977.199951171875,1.199951171875
2025-10-29 12:00:00+07:00,SELL,,3965.60009765625,
2025-10-29 13:00:00+07:00,CLOSE,3985.60009765625,3965.60009765625,-20.0
2025-10-29 13:00:00+07:00,SELL,,3976.300048828125,
2025-10-29 14:00:00+07:00,CLOSE,3996.300048828125,3976.300048828125,-20.0
2025-10-29 14:00:00+07:00,SELL,,3992.0,
2025-10-29 15:00:00+07:00,CLOSE,4012.0,3992.0,-20.0
2025-10-29 15:00:00+07:00,SELL,,4014.800048828125,
2025-10-29 16:00:00+07:00,CLOSE,4034.800048828125,4014.800048828125,-20.0
2025-10-29 16:00:00+07:00,SELL,,4029.5,
2025-10-29 17:00:00+07:00,CLOSE,4037.199951171875,4029.5,-7.699951171875
2025-10-29 17:00:00+07:00,SELL,,4037.39990234375,
2025-10-29 18:00:00+07:00,CLOSE,4030.199951171875,4037.39990234375,7.199951171875
2025-10-29 18:00:00+07:00,SELL,,4037.10009765625,
2025-10-29 19:00:00+07:00,CLOSE,4038.800048828125,4037.10009765625,-1.699951171875
2025-10-29 19:00:00+07:00,SELL,,4031.0,
2025-10-29 20:00:00+07:00,CLOSE,4026.89990234375,4031.0,4.10009765625
2025-10-29 20:00:00+07:00,SELL,,4038.800048828125,
2025-10-29 21:00:00+07:00,CLOSE,4021.89990234375,4038.800048828125,16.900146484375
2025-10-29 21:00:00+07:00,SELL,,4026.800048828125,
2025-10-29 22:00:00+07:00,CLOSE,4007.5,4026.800048828125,19.300048828125
2025-10-29 22:00:00+07:00,SELL,,4021.800048828125,
2025-10-29 23:00:00+07:00,CLOSE,4007.699951171875,4021.800048828125,14.10009765625
2025-10-29 23:00:00+07:00,SELL,,4007.800048828125,
2025-10-30 00:00:00+07:00,CLOSE,4009.0,4007.800048828125,-1.199951171875
2025-10-30 00:00:00+07:00,SELL,,4007.300048828125,
2025-10-30 01:00:00+07:00,CLOSE,3977.300048828125,4007.300048828125,30.0
2025-10-30 01:00:00+07:00,SELL,,4008.60009765625,
2025-10-30 02:00:00+07:00,CLOSE,3978.60009765625,4008.60009765625,30.0
2025-10-30 02:00:00+07:00,SELL,,3983.0,
2025-10-30 03:00:00+07:00,CLOSE,3953.0,3983.0,30.0
2025-10-30 03:00:00+07:00,SELL,,3958.699951171875,
2025-10-30 05:00:00+07:00,CLOSE,3928.699951171875,3958.699951171875,30.0
2025-10-30 05:00:00+07:00,SELL,,3942.800048828125,
2025-10-30 06:00:00+07:00,CLOSE,3962.800048828125,3942.800048828125,-20.0
2025-10-30 06:00:00+07:00,SELL,,3952.89990234375,
2025-10-30 07:00:00+07:00,CLOSE,3972.89990234375,3952.89990234375,-20.0
2025-10-30 07:00:00+07:00,SELL,,3964.10009765625,
2025-10-30 08:00:00+07:00,CLOSE,3960.39990234375,3964.10009765625,3.7001953125
2025-10-30 08:00:00+07:00,SELL,,3961.5,
2025-10-30 09:00:00+07:00,CLOSE,3934.5,3961.5,27.0
2025-10-30 09:00:00+07:00,SELL,,3960.0,
2025-10-30 10:00:00+07:00,CLOSE,3930.0,3960.0,30.0
2025-10-30 10:00:00+07:00,SELL,,3934.89990234375,
2025-10-30 11:00:00+07:00,CLOSE,3954.89990234375,3934.89990234375,-20.0
2025-10-30 11:00:00+07:00,BUY,3949.5,,
2025-10-30 12:00:00+07:00,CLOSE,3949.5,3979.5,30.0
2025-10-30 12:00:00+07:00,SELL,,3985.5,
2025-10-30 13:00:00+07:00,CLOSE,3989.300048828125,3985.5,-3.800048828125
2025-10-30 13:00:00+07:00,SELL,,3975.800048828125,
2025-10-30 14:00:00+07:00,CLOSE,3972.800048828125,3975.800048828125,3.0
2025-10-30 14:00:00+07:00,SELL,,3989.10009765625,
2025-10-30 15:00:00+07:00,CLOSE,3988.5,3989.10009765625,0.60009765625
2025-10-30 15:00:00+07:00,SELL,,3973.0,
2025-10-30 16:00:00+07:00,CLOSE,3993.0,3973.0,-20.0
2025-10-30 16:00:00+07:00,SELL,,3988.199951171875,
2025-10-30 17:00:00+07:00,CLOSE,4008.199951171875,3988.199951171875,-20.0
2025-10-30 17:00:00+07:00,SELL,,4010.699951171875,
2025-10-30 18:00:00+07:00,CLOSE,3980.699951171875,4010.699951171875,30.0
2025-10-30 18:00:00+07:00,SELL,,3996.10009765625,
2025-10-30 19:00:00+07:00,CLOSE,3972.60009765625,3996.10009765625,23.5
2025-10-30 19:00:00+07:00,SELL,,3985.800048828125,
2025-10-30 20:00:00+07:00,CLOSE,4005.800048828125,3985.800048828125,-20.0
2025-10-30 20:00:00+07:00,BUY,3972.199951171875,,
2025-10-30 21:00:00+07:00,CLOSE,3972.199951171875,4002.199951171875,30.0
2025-10-30 21:00:00+07:00,SELL,,4007.60009765625,
2025-10-30 22:00:00+07:00,CLOSE,4015.300048828125,4007.60009765625,-7.699951171875
2025-10-30 22:00:00+07:00,SELL,,4009.199951171875,
2025-10-30 23:00:00+07:00,CLOSE,4014.5,4009.199951171875,-5.300048828125
2025-10-30 23:00:00+07:00,SELL,,4015.300048828125,
2025-10-31 00:00:00+07:00,CLOSE,4017.5,4015.300048828125,-2.199951171875
2025-10-31 00:00:00+07:00,SELL,,4014.699951171875,
2025-10-31 01:00:00+07:00,CLOSE,4028.199951171875,4014.699951171875,-13.5
2025-10-31 01:00:00+07:00,SELL,,4017.5,
2025-10-31 02:00:00+07:00,CLOSE,4037.5,4017.5,-20.0
2025-10-31 02:00:00+07:00,SELL,,4028.300048828125,
2025-10-31 03:00:00+07:00,CLOSE,4038.300048828125,4028.300048828125,-10.0
2025-10-31 03:00:00+07:00,SELL,,4035.199951171875,
2025-10-31 05:00:00+07:00,CLOSE,4055.199951171875,4035.199951171875,-20.0
2025-10-31 05:00:00+07:00,SELL,,4038.199951171875,
2025-10-31 06:00:00+07:00,CLOSE,4048.60009765625,4038.199951171875,-10.400146484375
2025-10-31 06:00:00+07:00,SELL,,4051.5,
2025-10-31 07:00:00+07:00,CLOSE,4036.89990234375,4051.5,14.60009765625
2025-10-31 07:00:00+07:00,SELL,,4048.699951171875,
2025-10-31 08:00:00+07:00,CLOSE,4032.0,4048.699951171875,16.699951171875
2025-10-31 08:00:00+07:00,SELL,,4037.10009765625,
2025-10-31 09:00:00+07:00,CLOSE,4023.89990234375,4037.10009765625,13.2001953125
2025-10-31 09:00:00+07:00,SELL,,4031.699951171875,
2025-10-31 10:00:00+07:00,CLOSE,4009.0,4031.699951171875,22.699951171875
2025-10-31 10:00:00+07:00,SELL,,4023.60009765625,
2025-10-31 11:00:00+07:00,CLOSE,4018.39990234375,4023.60009765625,5.2001953125
2025-10-31 11:00:00+07:00,SELL,,4009.5,
2025-10-31 12:00:00+07:00,CLOSE,4016.60009765625,4009.5,-7.10009765625
2025-10-31 12:00:00+07:00,SELL,,4018.0,
2025-10-31 13:00:00+07:00,CLOSE,4024.89990234375,4018.0,-6.89990234375
2025-10-31 13:00:00+07:00,SELL,,4016.89990234375,
2025-10-31 14:00:00+07:00,CLOSE,4032.60009765625,4016.89990234375,-15.7001953125
2025-10-31 14:00:00+07:00,SELL,,4024.699951171875,
2025-10-31 15:00:00+07:00,CLOSE,4021.89990234375,4024.699951171875,2.800048828125
2025-10-31 15:00:00+07:00,SELL,,4032.39990234375,
2025-10-31 16:00:00+07:00,CLOSE,4019.800048828125,4032.39990234375,12.599853515625
2025-10-31 16:00:00+07:00,SELL,,4021.60009765625,
2025-10-31 17:00:00+07:00,CLOSE,4018.800048828125,4021.60009765625,2.800048828125
2025-10-31 17:00:00+07:00,SELL,,4020.10009765625,
2025-10-31 18:00:00+07:00,CLOSE,4022.300048828125,4020.10009765625,-2.199951171875
2025-10-31 18:00:00+07:00,SELL,,4018.699951171875,
2025-10-31 19:00:00+07:00,CLOSE,4038.699951171875,4018.699951171875,-20.0
2025-10-31 19:00:00+07:00,SELL,,4022.39990234375,
2025-10-31 20:00:00+07:00,CLOSE,4042.39990234375,4022.39990234375,-20.0
2025-10-31 20:00:00+07:00,SELL,,4035.39990234375,
2025-10-31 21:00:00+07:00,CLOSE,4033.0,4035.39990234375,2.39990234375
2025-10-31 21:00:00+07:00,SELL,,4028.300048828125,
2025-10-31 22:00:00+07:00,CLOSE,4025.0,4028.300048828125,3.300048828125
2025-10-31 22:00:00+07:00,SELL,,4032.800048828125,
2025-10-31 23:00:00+07:00,CLOSE,4002.800048828125,4032.800048828125,30.0
2025-10-31 23:00:00+07:00,SELL,,4024.800048828125,
2025-11-01 00:00:00+07:00,CLOSE,3994.800048828125,4024.800048828125,30.0
2025-11-01 00:00:00+07:00,SELL,,3992.199951171875,
2025-11-01 01:00:00+07:00,CLOSE,4012.199951171875,3992.199951171875,-20.0
2025-11-01 01:00:00+07:00,SELL,,4009.300048828125,
2025-11-01 02:00:00+07:00,CLOSE,4012.89990234375,4009.300048828125,-3.599853515625
2025-11-01 02:00:00+07:00,SELL,,4011.89990234375,
2025-11-01 03:00:00+07:00,CLOSE,3996.5,4011.89990234375,15.39990234375
2025-11-01 03:00:00+07:00,SELL,,4012.699951171875,
2025-11-01 03:00:00+07:00,CLOSE,3996.5,4012.699951171875,16.199951171875
2025-11-03 21:00:00+07:00,SELL,,4028.0,
2025-11-03 22:00:00+07:00,CLOSE,4019.300048828125,4028.0,8.699951171875
2025-11-03 22:00:00+07:00,SELL,,4035.0,
2025-11-03 23:00:00+07:00,CLOSE,4019.800048828125,4035.0,15.199951171875
2025-11-03 23:00:00+07:00,SELL,,4019.199951171875,
2025-11-04 00:00:00+07:00,CLOSE,4018.0,4019.199951171875,1.199951171875
2025-11-04 00:00:00+07:00,SELL,,4019.89990234375,
2025-11-04 01:00:00+07:00,CLOSE,4018.199951171875,4019.89990234375,1.699951171875
2025-11-04 01:00:00+07:00,SELL,,4017.89990234375,
2025-11-04 02:00:00+07:00,CLOSE,4016.300048828125,4017.89990234375,1.599853515625
2025-11-04 02:00:00+07:00,SELL,,4018.39990234375,
2025-11-04 03:00:00+07:00,CLOSE,4022.699951171875,4018.39990234375,-4.300048828125
2025-11-04 03:00:00+07:00,SELL,,4016.60009765625,
2025-11-04 04:00:00+07:00,CLOSE,4013.699951171875,4016.60009765625,2.900146484375
2025-11-04 04:00:00+07:00,SELL,,4022.5,
2025-11-04 06:00:00+07:00,CLOSE,3992.5,4022.5,30.0
2025-11-04 06:00:00+07:00,SELL,,4013.699951171875,
2025-11-04 07:00:00+07:00,CLOSE,3996.10009765625,4013.699951171875,17.599853515625
2025-11-04 07:00:00+07:00,SELL,,4008.39990234375,
2025-11-04 08:00:00+07:00,CLOSE,3996.39990234375,4008.39990234375,12.0
2025-11-04 08:00:00+07:00,SELL,,3996.300048828125,
2025-11-04 09:00:00+07:00,CLOSE,3996.39990234375,3996.300048828125,-0.099853515625
2025-11-04 09:00:00+07:00,SELL,,3996.39990234375,
2025-11-04 10:00:00+07:00,CLOSE,4003.699951171875,3996.39990234375,-7.300048828125
2025-11-04 10:00:00+07:00,SELL,,3996.5,
2025-11-04 11:00:00+07:00,CLOSE,3995.300048828125,3996.5,1.199951171875
2025-11-04 11:00:00+07:00,SELL,,4003.800048828125,
2025-11-04 12:00:00+07:00,CLOSE,3982.39990234375,4003.800048828125,21.400146484375
2025-11-04 12:00:00+07:00,SELL,,3994.60009765625,
2025-11-04 13:00:00+07:00,CLOSE,3993.39990234375,3994.60009765625,1.2001953125
2025-11-04 13:00:00+07:00,SELL,,3982.10009765625,
2025-11-04 14:00:00+07:00,CLOSE,4002.10009765625,3982.10009765625,-20.0
2025-11-04 14:00:00+07:00,SELL,,3993.5,
2025-11-04 15:00:00+07:00,CLOSE,4006.800048828125,3993.5,-13.300048828125
2025-11-04 15:00:00+07:00,SELL,,4004.300048828125,
2025-11-04 16:00:00+07:00,CLOSE,4001.10009765625,4004.300048828125,3.199951171875
2025-11-04 16:00:00+07:00,SELL,,4006.5,
2025-11-04 17:00:00+07:00,CLOSE,4004.0,4006.5,2.5
2025-11-04 17:00:00+07:00,SELL,,4000.89990234375,
2025-11-04 18:00:00+07:00,CLOSE,4005.699951171875,4000.89990234375,-4.800048828125
2025-11-04 18:00:00+07:00,SELL,,4004.10009765625,
2025-11-04 19:00:00+07:00,CLOSE,3994.699951171875,4004.10009765625,9.400146484375
2025-11-04 19:00:00+07:00,SELL,,4005.800048828125,
2025-11-04 20:00:00+07:00,CLOSE,3985.699951171875,4005.800048828125,20.10009765625
2025-11-04 20:00:00+07:00,SELL,,3994.5,
2025-11-04 21:00:00+07:00,CLOSE,3964.5,3994.5,30.0
2025-11-04 21:00:00+07:00,SELL,,3985.5,
2025-11-04 22:00:00+07:00,CLOSE,3955.5,3985.5,30.0
2025-11-04 22:00:00+07:00,SELL,,3966.39990234375,
2025-11-04 23:00:00+07:00,CLOSE,3979.39990234375,3966.39990234375,-13.0
2025-11-04 23:00:00+07:00,SELL,,3966.5,
2025-11-05 00:00:00+07:00,CLOSE,3965.300048828125,3966.5,1.199951171875
2025-11-05 00:00:00+07:00,SELL,,3979.39990234375,
2025-11-05 01:00:00+07:00,CLOSE,3949.39990234375,3979.39990234375,30.0
2025-11-05 01:00:00+07:00,SELL,,3965.10009765625,
2025-11-05 02:00:00+07:00,CLOSE,3947.199951171875,3965.10009765625,17.900146484375
2025-11-05 02:00:00+07:00,SELL,,3947.5,
2025-11-05 03:00:00+07:00,CLOSE,3948.699951171875,3947.5,-1.199951171875
2025-11-05 03:00:00+07:00,SELL,,3947.10009765625,
2025-11-05 04:00:00+07:00,CLOSE,3941.300048828125,3947.10009765625,5.800048828125
2025-11-05 04:00:00+07:00,SELL,,3948.800048828125,
2025-11-05 06:00:00+07:00,CLOSE,3942.5,3948.800048828125,6.300048828125
2025-11-05 06:00:00+07:00,SELL,,3939.5,
2025-11-05 07:00:00+07:00,CLOSE,3948.0,3939.5,-8.5
2025-11-05 07:00:00+07:00,SELL,,3942.39990234375,
2025-11-05 08:00:00+07:00,CLOSE,3945.300048828125,3942.39990234375,-2.900146484375
2025-11-05 08:00:00+07:00,SELL,,3948.39990234375,
2025-11-05 09:00:00+07:00,CLOSE,3957.60009765625,3948.39990234375,-9.2001953125
2025-11-05 09:00:00+07:00,SELL,,3945.300048828125,
2025-11-05 10:00:00+07:00,CLOSE,3965.300048828125,3945.300048828125,-20.0
2025-11-05 10:00:00+07:00,SELL,,3957.10009765625,
2025-11-05 11:00:00+07:00,CLOSE,3977.10009765625,3957.10009765625,-20.0
2025-11-05 11:00:00+07:00,SELL,,3969.199951171875,
2025-11-05 12:00:00+07:00,CLOSE,3973.199951171875,3969.199951171875,-4.0
2025-11-05 12:00:00+07:00,SELL,,3978.800048828125,
2025-11-05 13:00:00+07:00,CLOSE,3975.0,3978.800048828125,3.800048828125
2025-11-05 13:00:00+07:00,SELL,,3973.60009765625,
2025-11-05 14:00:00+07:00,CLOSE,3982.199951171875,3973.60009765625,-8.599853515625
2025-11-05 14:00:00+07:00,SELL,,3975.10009765625,
2025-11-05 15:00:00+07:00,CLOSE,3995.10009765625,3975.10009765625,-20.0
2025-11-05 15:00:00+07:00,SELL,,3982.199951171875,
2025-11-05 16:00:00+07:00,CLOSE,3981.89990234375,3982.199951171875,0.300048828125
2025-11-05 16:00:00+07:00,SELL,,3989.800048828125,
2025-11-05 17:00:00+07:00,CLOSE,3973.5,3989.800048828125,16.300048828125
2025-11-05 17:00:00+07:00,SELL,,3981.800048828125,
2025-11-05 18:00:00+07:00,CLOSE,3975.5,3981.800048828125,6.300048828125
2025-11-05 18:00:00+07:00,SELL,,3973.5,
2025-11-05 19:00:00+07:00,CLOSE,3979.300048828125,3973.5,-5.800048828125
2025-11-05 19:00:00+07:00,SELL,,3975.5,
2025-11-05 20:00:00+07:00,CLOSE,3985.89990234375,3975.5,-10.39990234375
2025-11-05 20:00:00+07:00,SELL,,3979.300048828125,
2025-11-05 21:00:00+07:00,CLOSE,3983.0,3979.300048828125,-3.699951171875
2025-11-05 21:00:00+07:00,SELL,,3985.60009765625,
2025-11-05 22:00:00+07:00,CLOSE,3987.89990234375,3985.60009765625,-2.2998046875
2025-11-05 22:00:00+07:00,SELL,,3982.5,
2025-11-05 23:00:00+07:00,CLOSE,3996.800048828125,3982.5,-14.300048828125
2025-11-05 23:00:00+07:00,SELL,,3988.5,
2025-11-06 00:00:00+07:00,CLOSE,3991.300048828125,3988.5,-2.800048828125
2025-11-06 00:00:00+07:00,SELL,,3996.800048828125,
2025-11-06 01:00:00+07:00,CLOSE,3992.10009765625,3996.800048828125,4.699951171875
2025-11-06 01:00:00+07:00,SELL,,3991.699951171875,
2025-11-06 02:00:00+07:00,CLOSE,3997.89990234375,3991.699951171875,-6.199951171875
2025-11-06 02:00:00+07:00,SELL,,3992.199951171875,
2025-11-06 03:00:00+07:00,CLOSE,3994.800048828125,3992.199951171875,-2.60009765625
2025-11-06 03:00:00+07:00,SELL,,3997.800048828125,
2025-11-06 04:00:00+07:00,CLOSE,3990.39990234375,3997.800048828125,7.400146484375
2025-11-06 04:00:00+07:00,SELL,,3995.10009765625,
2025-11-06 06:00:00+07:00,CLOSE,3982.800048828125,3995.10009765625,12.300048828125
2025-11-06 06:00:00+07:00,SELL,,3992.39990234375,
2025-11-06 07:00:00+07:00,CLOSE,3984.699951171875,3992.39990234375,7.699951171875
2025-11-06 07:00:00+07:00,SELL,,3982.699951171875,
2025-11-06 08:00:00+07:00,CLOSE,3984.60009765625,3982.699951171875,-1.900146484375
2025-11-06 08:00:00+07:00,SELL,,3984.89990234375,
2025-11-06 09:00:00+07:00,CLOSE,3991.699951171875,3984.89990234375,-6.800048828125
2025-11-06 09:00:00+07:00,SELL,,3984.60009765625,
2025-11-06 10:00:00+07:00,CLOSE,3995.699951171875,3984.60009765625,-11.099853515625
2025-11-06 10:00:00+07:00,SELL,,3991.699951171875,
2025-11-06 11:00:00+07:00,CLOSE,3997.300048828125,3991.699951171875,-5.60009765625
2025-11-06 11:00:00+07:00,SELL,,3995.5,
2025-11-06 12:00:00+07:00,CLOSE,3996.699951171875,3995.5,-1.199951171875
2025-11-06 12:00:00+07:00,SELL,,3997.0,
2025-11-06 13:00:00+07:00,CLOSE,4000.699951171875,3997.0,-3.699951171875
2025-11-06 13:00:00+07:00,SELL,,3996.699951171875,
2025-11-06 14:00:00+07:00,CLOSE,4016.699951171875,3996.699951171875,-20.0
2025-11-06 14:00:00+07:00,SELL,,4000.800048828125,
2025-11-06 15:00:00+07:00,CLOSE,4020.800048828125,4000.800048828125,-20.0
2025-11-06 15:00:00+07:00,SELL,,4014.800048828125,
2025-11-06 16:00:00+07:00,CLOSE,4020.300048828125,4014.800048828125,-5.5
2025-11-06 16:00:00+07:00,SELL,,4024.10009765625,
2025-11-06 17:00:00+07:00,CLOSE,4017.699951171875,4024.10009765625,6.400146484375
2025-11-06 17:00:00+07:00,SELL,,4020.39990234375,
2025-11-06 18:00:00+07:00,CLOSE,4027.199951171875,4020.39990234375,-6.800048828125
2025-11-06 18:00:00+07:00,SELL,,4017.60009765625,
2025-11-06 19:00:00+07:00,CLOSE,4014.5,4017.60009765625,3.10009765625
2025-11-06 19:00:00+07:00,SELL,,4027.0,
2025-11-06 20:00:00+07:00,CLOSE,4021.10009765625,4027.0,5.89990234375
2025-11-06 20:00:00+07:00,SELL,,4014.60009765625,
2025-11-06 21:00:00+07:00,CLOSE,4001.89990234375,4014.60009765625,12.7001953125
2025-11-06 21:00:00+07:00,SELL,,4021.10009765625,
2025-11-06 22:00:00+07:00,CLOSE,3991.10009765625,4021.10009765625,30.0
2025-11-06 22:00:00+07:00,SELL,,4001.5,
2025-11-06 23:00:00+07:00,CLOSE,3989.10009765625,4001.5,12.39990234375
2025-11-06 23:00:00+07:00,SELL,,3988.199951171875,
2025-11-07 00:00:00+07:00,CLOSE,3994.5,3988.199951171875,-6.300048828125
2025-11-07 00:00:00+07:00,SELL,,3989.5,
2025-11-07 01:00:00+07:00,CLOSE,3995.89990234375,3989.5,-6.39990234375
2025-11-07 01:00:00+07:00,SELL,,3994.5,
2025-11-07 02:00:00+07:00,CLOSE,3993.199951171875,3994.5,1.300048828125
2025-11-07 02:00:00+07:00,SELL,,3995.89990234375,
2025-11-07 03:00:00+07:00,CLOSE,3988.800048828125,3995.89990234375,7.099853515625
2025-11-07 03:00:00+07:00,SELL,,3993.300048828125,
2025-11-07 04:00:00+07:00,CLOSE,3984.800048828125,3993.300048828125,8.5
2025-11-07 04:00:00+07:00,SELL,,3989.0,
2025-11-07 06:00:00+07:00,CLOSE,3996.0,3989.0,-7.0
2025-11-07 06:00:00+07:00,SELL,,3986.89990234375,
2025-11-07 07:00:00+07:00,CLOSE,3996.0,3986.89990234375,-9.10009765625
2025-11-07 07:00:00+07:00,SELL,,3996.0,
2025-11-07 08:00:00+07:00,CLOSE,4009.199951171875,3996.0,-13.199951171875
2025-11-07 08:00:00+07:00,SELL,,3995.89990234375,
2025-11-07 09:00:00+07:00,CLOSE,4002.60009765625,3995.89990234375,-6.7001953125
2025-11-07 09:00:00+07:00,SELL,,4009.199951171875,
2025-11-07 10:00:00+07:00,CLOSE,3997.699951171875,4009.199951171875,11.5
2025-11-07 10:00:00+07:00,SELL,,4002.300048828125,
2025-11-07 11:00:00+07:00,CLOSE,4005.5,4002.300048828125,-3.199951171875
2025-11-07 11:00:00+07:00,SELL,,3997.39990234375,
2025-11-07 12:00:00+07:00,CLOSE,4002.39990234375,3997.39990234375,-5.0
2025-11-07 12:00:00+07:00,SELL,,4006.0,
2025-11-07 13:00:00+07:00,CLOSE,4014.5,4006.0,-8.5
2025-11-07 13:00:00+07:00,SELL,,4002.300048828125,
2025-11-07 14:00:00+07:00,CLOSE,4015.199951171875,4002.300048828125,-12.89990234375
2025-11-07 14:00:00+07:00,SELL,,4014.699951171875,
2025-11-07 15:00:00+07:00,CLOSE,4018.0,4014.699951171875,-3.300048828125
2025-11-07 15:00:00+07:00,SELL,,4015.39990234375,
2025-11-07 16:00:00+07:00,CLOSE,4014.5,4015.39990234375,0.89990234375
2025-11-07 16:00:00+07:00,SELL,,4017.89990234375,
2025-11-07 17:00:00+07:00,CLOSE,4015.699951171875,4017.89990234375,2.199951171875
2025-11-07 17:00:00+07:00,SELL,,4014.60009765625,
2025-11-07 18:00:00+07:00,CLOSE,4011.0,4014.60009765625,3.60009765625
2025-11-07 18:00:00+07:00,SELL,,4015.60009765625,
2025-11-07 19:00:00+07:00,CLOSE,4003.300048828125,4015.60009765625,12.300048828125
2025-11-07 19:00:00+07:00,SELL,,4010.89990234375,
2025-11-07 20:00:00+07:00,CLOSE,4004.5,4010.89990234375,6.39990234375
2025-11-07 20:00:00+07:00,SELL,,4003.39990234375,
2025-11-07 21:00:00+07:00,CLOSE,4001.0,4003.39990234375,2.39990234375
2025-11-07 21:00:00+07:00,SELL,,4004.699951171875,
2025-11-07 22:00:00+07:00,CLOSE,3998.0,4004.699951171875,6.699951171875
2025-11-07 22:00:00+07:00,SELL,,4000.5,
2025-11-07 23:00:00+07:00,CLOSE,4020.5,4000.5,-20.0
2025-11-07 23:00:00+07:00,SELL,,3998.300048828125,
2025-11-08 00:00:00+07:00,CLOSE,4012.60009765625,3998.300048828125,-14.300048828125
2025-11-08 00:00:00+07:00,SELL,,4015.89990234375,
2025-11-08 01:00:00+07:00,CLOSE,4012.5,4015.89990234375,3.39990234375
2025-11-08 01:00:00+07:00,SELL,,4012.60009765625,
2025-11-08 02:00:00+07:00,CLOSE,4014.199951171875,4012.60009765625,-1.599853515625
2025-11-08 02:00:00+07:00,SELL,,4012.800048828125,
2025-11-08 03:00:00+07:00,CLOSE,4012.10009765625,4012.800048828125,0.699951171875
2025-11-08 03:00:00+07:00,SELL,,4014.0,
2025-11-08 04:00:00+07:00,CLOSE,4008.39990234375,4014.0,5.60009765625
2025-11-08 04:00:00+07:00,SELL,,4011.800048828125,
2025-11-10 06:00:00+07:00,CLOSE,4019.5,4011.800048828125,-7.699951171875
2025-11-10 06:00:00+07:00,SELL,,4017.800048828125,
2025-11-10 07:00:00+07:00,CLOSE,4028.300048828125,4017.800048828125,-10.5
2025-11-10 07:00:00+07:00,SELL,,4019.699951171875,
2025-11-10 08:00:00+07:00,CLOSE,4039.699951171875,4019.699951171875,-20.0
2025-11-10 08:00:00+07:00,SELL,,4027.89990234375,
2025-11-10 09:00:00+07:00,CLOSE,4047.89990234375,4027.89990234375,-20.0
2025-11-10 09:00:00+07:00,SELL,,4052.800048828125,
2025-11-10 10:00:00+07:00,CLOSE,4058.699951171875,4052.800048828125,-5.89990234375
2025-11-10 10:00:00+07:00,SELL,,4056.800048828125,
2025-11-10 11:00:00+07:00,CLOSE,4062.89990234375,4056.800048828125,-6.099853515625
2025-11-10 11:00:00+07:00,SELL,,4058.5,
2025-11-10 12:00:00+07:00,CLOSE,4078.0,4058.5,-19.5
2025-11-10 12:00:00+07:00,SELL,,4062.800048828125,
2025-11-10 13:00:00+07:00,CLOSE,4082.800048828125,4062.800048828125,-20.0
2025-11-10 13:00:00+07:00,SELL,,4077.800048828125,
2025-11-10 14:00:00+07:00,CLOSE,4083.60009765625,4077.800048828125,-5.800048828125
2025-11-10 14:00:00+07:00,SELL,,4083.89990234375,
2025-11-10 15:00:00+07:00,CLOSE,4090.300048828125,4083.89990234375,-6.400146484375
2025-11-10 15:00:00+07:00,SELL,,4083.39990234375,
2025-11-10 16:00:00+07:00,CLOSE,4084.89990234375,4083.39990234375,-1.5
2025-11-10 16:00:00+07:00,SELL,,4090.5,
2025-11-10 17:00:00+07:00,CLOSE,4089.300048828125,4090.5,1.199951171875
2025-11-10 17:00:00+07:00,SELL,,4084.800048828125,
2025-11-10 18:00:00+07:00,CLOSE,4093.800048828125,4084.800048828125,-9.0
2025-11-10 18:00:00+07:00,SELL,,4089.300048828125,
2025-11-10 19:00:00+07:00,CLOSE,4106.10009765625,4089.300048828125,-16.800048828125
2025-11-10 19:00:00+07:00,SELL,,4094.0,
2025-11-10 20:00:00+07:00,CLOSE,4114.0,4094.0,-20.0
2025-11-10 20:00:00+07:00,SELL,,4105.89990234375,
2025-11-10 21:00:00+07:00,CLOSE,4091.39990234375,4105.89990234375,14.5
2025-11-10 21:00:00+07:00,SELL,,4099.89990234375,
2025-11-10 22:00:00+07:00,CLOSE,4091.39990234375,4099.89990234375,8.5
2025-11-10 22:00:00+07:00,SELL,,4091.300048828125,
2025-11-10 23:00:00+07:00,CLOSE,4103.2001953125,4091.300048828125,-11.900146484375
2025-11-10 23:00:00+07:00,SELL,,4091.199951171875,
2025-11-11 00:00:00+07:00,CLOSE,4110.7001953125,4091.199951171875,-19.500244140625
2025-11-11 00:00:00+07:00,SELL,,4103.10009765625,
2025-11-11 01:00:00+07:00,CLOSE,4123.10009765625,4103.10009765625,-20.0
2025-11-11 01:00:00+07:00,SELL,,4110.39990234375,
2025-11-11 02:00:00+07:00,CLOSE,4120.89990234375,4110.39990234375,-10.5
2025-11-11 02:00:00+07:00,SELL,,4118.0,
2025-11-11 03:00:00+07:00,CLOSE,4118.7998046875,4118.0,-0.7998046875
2025-11-11 03:00:00+07:00,SELL,,4121.0,
2025-11-11 04:00:00+07:00,CLOSE,4123.39990234375,4121.0,-2.39990234375
2025-11-11 04:00:00+07:00,SELL,,4118.89990234375,
2025-11-11 06:00:00+07:00,CLOSE,4126.60009765625,4118.89990234375,-7.7001953125
2025-11-11 06:00:00+07:00,SELL,,4124.0,
2025-11-11 07:00:00+07:00,CLOSE,4137.2998046875,4124.0,-13.2998046875
2025-11-11 07:00:00+07:00,SELL,,4126.89990234375,
2025-11-11 08:00:00+07:00,CLOSE,4146.89990234375,4126.89990234375,-20.0
2025-11-11 08:00:00+07:00,SELL,,4137.2998046875,
2025-11-11 09:00:00+07:00,CLOSE,4143.89990234375,4137.2998046875,-6.60009765625
2025-11-11 09:00:00+07:00,SELL,,4142.2001953125,
2025-11-11 10:00:00+07:00,CLOSE,4152.7001953125,4142.2001953125,-10.5
2025-11-11 10:00:00+07:00,SELL,,4144.0,
2025-11-11 11:00:00+07:00,CLOSE,4148.89990234375,4144.0,-4.89990234375
2025-11-11 11:00:00+07:00,SELL,,4152.39990234375,
2025-11-11 12:00:00+07:00,CLOSE,4137.2998046875,4152.39990234375,15.10009765625
2025-11-11 12:00:00+07:00,SELL,,4149.10009765625,
2025-11-11 13:00:00+07:00,CLOSE,4136.10009765625,4149.10009765625,13.0
2025-11-11 13:00:00+07:00,SELL,,4136.89990234375,
2025-11-11 14:00:00+07:00,CLOSE,4136.10009765625,4136.89990234375,0.7998046875
2025-11-11 14:00:00+07:00,SELL,,4136.2998046875,
2025-11-11 15:00:00+07:00,CLOSE,4142.2998046875,4136.2998046875,-6.0
2025-11-11 15:00:00+07:00,SELL,,4135.89990234375,
2025-11-11 16:00:00+07:00,CLOSE,4148.0,4135.89990234375,-12.10009765625
2025-11-11 16:00:00+07:00,SELL,,4142.39990234375,
2025-11-11 17:00:00+07:00,CLOSE,4148.2001953125,4142.39990234375,-5.80029296875
2025-11-11 17:00:00+07:00,SELL,,4148.0,
2025-11-11 18:00:00+07:00,CLOSE,4149.60009765625,4148.0,-1.60009765625
2025-11-11 18:00:00+07:00,SELL,,4148.2001953125,
2025-11-11 19:00:00+07:00,CLOSE,4140.7001953125,4148.2001953125,7.5
2025-11-11 19:00:00+07:00,SELL,,4149.7001953125,
2025-11-11 20:00:00+07:00,CLOSE,4149.2001953125,4149.7001953125,0.5
2025-11-11 20:00:00+07:00,SELL,,4140.7998046875,
2025-11-11 21:00:00+07:00,CLOSE,4131.2001953125,4140.7998046875,9.599609375
2025-11-11 21:00:00+07:00,SELL,,4149.39990234375,
2025-11-11 22:00:00+07:00,CLOSE,4119.39990234375,4149.39990234375,30.0
2025-11-11 22:00:00+07:00,SELL,,4131.10009765625,
2025-11-11 23:00:00+07:00,CLOSE,4119.2001953125,4131.10009765625,11.89990234375
2025-11-11 23:00:00+07:00,SELL,,4112.39990234375,
2025-11-12 00:00:00+07:00,CLOSE,4119.89990234375,4112.39990234375,-7.5
2025-11-12 00:00:00+07:00,SELL,,4119.0,
2025-11-12 01:00:00+07:00,CLOSE,4119.7998046875,4119.0,-0.7998046875
2025-11-12 01:00:00+07:00,SELL,,4120.10009765625,
2025-11-12 02:00:00+07:00,CLOSE,4128.39990234375,4120.10009765625,-8.2998046875
2025-11-12 02:00:00+07:00,SELL,,4119.7001953125,
2025-11-12 03:00:00+07:00,CLOSE,4135.7001953125,4119.7001953125,-16.0
2025-11-12 03:00:00+07:00,SELL,,4128.60009765625,
2025-11-12 04:00:00+07:00,CLOSE,4133.2001953125,4128.60009765625,-4.60009765625
2025-11-12 04:00:00+07:00,SELL,,4135.60009765625,
2025-11-12 06:00:00+07:00,CLOSE,4148.7001953125,4135.60009765625,-13.10009765625
2025-11-12 06:00:00+07:00,SELL,,4132.2001953125,
2025-11-12 07:00:00+07:00,CLOSE,4139.0,4132.2001953125,-6.7998046875
2025-11-12 07:00:00+07:00,SELL,,4148.39990234375,
2025-11-12 08:00:00+07:00,CLOSE,4137.39990234375,4148.39990234375,11.0
2025-11-12 08:00:00+07:00,SELL,,4139.0,
2025-11-12 09:00:00+07:00,CLOSE,4129.89990234375,4139.0,9.10009765625
2025-11-12 09:00:00+07:00,SELL,,4137.39990234375,
2025-11-12 10:00:00+07:00,CLOSE,4117.7001953125,4137.39990234375,19.69970703125
2025-11-12 10:00:00+07:00,SELL,,4130.2001953125,
2025-11-12 11:00:00+07:00,CLOSE,4116.5,4130.2001953125,13.7001953125
2025-11-12 11:00:00+07:00,SELL,,4117.60009765625,
2025-11-12 12:00:00+07:00,CLOSE,4110.5,4117.60009765625,7.10009765625
2025-11-12 12:00:00+07:00,SELL,,4116.5,
2025-11-12 13:00:00+07:00,CLOSE,4123.89990234375,4116.5,-7.39990234375
2025-11-12 13:00:00+07:00,SELL,,4110.5,
2025-11-12 14:00:00+07:00,CLOSE,4130.5,4110.5,-20.0
2025-11-12 14:00:00+07:00,SELL,,4123.7001953125,
2025-11-12 15:00:00+07:00,CLOSE,4136.7998046875,4123.7001953125,-13.099609375
2025-11-12 15:00:00+07:00,SELL,,4122.60009765625,
2025-11-12 16:00:00+07:00,CLOSE,4130.60009765625,4122.60009765625,-8.0
2025-11-12 16:00:00+07:00,SELL,,4136.7001953125,
2025-11-12 17:00:00+07:00,CLOSE,4133.2998046875,4136.7001953125,3.400390625
2025-11-12 17:00:00+07:00,SELL,,4130.39990234375,
2025-11-12 18:00:00+07:00,CLOSE,4131.7001953125,4130.39990234375,-1.30029296875
2025-11-12 18:00:00+07:00,SELL,,4133.2998046875,
2025-11-12 19:00:00+07:00,CLOSE,4136.39990234375,4133.2998046875,-3.10009765625
2025-11-12 19:00:00+07:00,SELL,,4131.39990234375,
2025-11-12 20:00:00+07:00,CLOSE,4132.89990234375,4131.39990234375,-1.5
2025-11-12 20:00:00+07:00,SELL,,4136.39990234375,
2025-11-12 21:00:00+07:00,CLOSE,4142.7001953125,4136.39990234375,-6.30029296875
2025-11-12 21:00:00+07:00,SELL,,4133.10009765625,
2025-11-12 22:00:00+07:00,CLOSE,4153.10009765625,4133.10009765625,-20.0
2025-11-12 22:00:00+07:00,SELL,,4142.7001953125,
2025-11-12 23:00:00+07:00,CLOSE,4162.7001953125,4142.7001953125,-20.0
2025-11-12 23:00:00+07:00,SELL,,4187.7001953125,
2025-11-13 00:00:00+07:00,CLOSE,4207.7001953125,4187.7001953125,-20.0
2025-11-13 00:00:00+07:00,SELL,,4203.2001953125,
2025-11-13 01:00:00+07:00,CLOSE,4213.5,4203.2001953125,-10.2998046875
2025-11-13 01:00:00+07:00,SELL,,4206.10009765625,
2025-11-13 02:00:00+07:00,CLOSE,4203.2998046875,4206.10009765625,2.80029296875
2025-11-13 02:00:00+07:00,SELL,,4213.7998046875,
2025-11-13 03:00:00+07:00,CLOSE,4201.2998046875,4213.7998046875,12.5
2025-11-13 03:00:00+07:00,SELL,,4203.39990234375,
2025-11-13 04:00:00+07:00,CLOSE,4201.39990234375,4203.39990234375,2.0
2025-11-13 04:00:00+07:00,SELL,,4201.2998046875,
2025-11-13 06:00:00+07:00,CLOSE,4195.60009765625,4201.2998046875,5.69970703125
2025-11-13 06:00:00+07:00,SELL,,4202.39990234375,
2025-11-13 07:00:00+07:00,CLOSE,4209.2998046875,4202.39990234375,-6.89990234375
2025-11-13 07:00:00+07:00,SELL,,4195.5,
2025-11-13 08:00:00+07:00,CLOSE,4197.0,4195.5,-1.5
2025-11-13 08:00:00+07:00,SELL,,4209.2001953125,
2025-11-13 09:00:00+07:00,CLOSE,4194.2001953125,4209.2001953125,15.0
2025-11-13 09:00:00+07:00,SELL,,4197.10009765625,
2025-11-13 10:00:00+07:00,CLOSE,4217.10009765625,4197.10009765625,-20.0
2025-11-13 10:00:00+07:00,SELL,,4194.0,
2025-11-13 11:00:00+07:00,CLOSE,4214.0,4194.0,-20.0
2025-11-13 11:00:00+07:00,SELL,,4216.89990234375,
2025-11-13 12:00:00+07:00,CLOSE,4216.0,4216.89990234375,0.89990234375
2025-11-13 12:00:00+07:00,SELL,,4213.2998046875,
2025-11-13 13:00:00+07:00,CLOSE,4214.39990234375,4213.2998046875,-1.10009765625
2025-11-13 13:00:00+07:00,SELL,,4215.39990234375,
2025-11-13 14:00:00+07:00,CLOSE,4224.60009765625,4215.39990234375,-9.2001953125
2025-11-13 14:00:00+07:00,SELL,,4214.39990234375,
2025-11-13 15:00:00+07:00,CLOSE,4234.39990234375,4214.39990234375,-20.0
2025-11-13 15:00:00+07:00,SELL,,4224.7001953125,
2025-11-13 16:00:00+07:00,CLOSE,4244.7001953125,4224.7001953125,-20.0
2025-11-13 16:00:00+07:00,SELL,,4237.39990234375,
2025-11-13 17:00:00+07:00,CLOSE,4230.2998046875,4237.39990234375,7.10009765625
2025-11-13 17:00:00+07:00,SELL,,4238.10009765625,
2025-11-13 18:00:00+07:00,CLOSE,4235.0,4238.10009765625,3.10009765625
2025-11-13 18:00:00+07:00,SELL,,4230.7001953125,
2025-11-13 19:00:00+07:00,CLOSE,4247.39990234375,4230.7001953125,-16.69970703125
2025-11-13 19:00:00+07:00,SELL,,4234.7001953125,
2025-11-13 20:00:00+07:00,CLOSE,4236.7001953125,4234.7001953125,-2.0
2025-11-13 20:00:00+07:00,SELL,,4247.2001953125,
2025-11-13 21:00:00+07:00,CLOSE,4217.2001953125,4247.2001953125,30.0
2025-11-13 21:00:00+07:00,SELL,,4236.89990234375,
2025-11-13 22:00:00+07:00,CLOSE,4206.89990234375,4236.89990234375,30.0
2025-11-13 22:00:00+07:00,SELL,,4199.7998046875,
2025-11-13 23:00:00+07:00,CLOSE,4210.7998046875,4199.7998046875,-11.0
2025-11-13 23:00:00+07:00,SELL,,4206.60009765625,
2025-11-14 00:00:00+07:00,CLOSE,4206.2998046875,4206.60009765625,0.30029296875
2025-11-14 00:00:00+07:00,SELL,,4211.0,
2025-11-14 01:00:00+07:00,CLOSE,4181.0,4211.0,30.0
2025-11-14 01:00:00+07:00,SELL,,4206.2001953125,
2025-11-14 02:00:00+07:00,CLOSE,4176.2001953125,4206.2001953125,30.0
2025-11-14 02:00:00+07:00,SELL,,4161.5,
2025-11-14 03:00:00+07:00,CLOSE,4168.10009765625,4161.5,-6.60009765625
2025-11-14 03:00:00+07:00,SELL,,4167.7998046875,
2025-11-14 04:00:00+07:00,CLOSE,4174.5,4167.7998046875,-6.7001953125
2025-11-14 04:00:00+07:00,SELL,,4167.89990234375,
2025-11-14 06:00:00+07:00,CLOSE,4187.89990234375,4167.89990234375,-20.0
2025-11-14 06:00:00+07:00,SELL,,4174.89990234375,
2025-11-14 07:00:00+07:00,CLOSE,4186.89990234375,4174.89990234375,-12.0
2025-11-14 07:00:00+07:00,SELL,,4189.0,
2025-11-14 08:00:00+07:00,CLOSE,4193.0,4189.0,-4.0
2025-11-14 08:00:00+07:00,SELL,,4186.5,
2025-11-14 09:00:00+07:00,CLOSE,4206.5,4186.5,-20.0
2025-11-14 09:00:00+07:00,SELL,,4193.10009765625,
2025-11-14 10:00:00+07:00,CLOSE,4213.10009765625,4193.10009765625,-20.0
2025-11-14 10:00:00+07:00,SELL,,4209.60009765625,
2025-11-14 11:00:00+07:00,CLOSE,4206.2001953125,4209.60009765625,3.39990234375
2025-11-14 11:00:00+07:00,SELL,,4207.60009765625,
2025-11-14 12:00:00+07:00,CLOSE,4192.7998046875,4207.60009765625,14.80029296875
2025-11-14 12:00:00+07:00,SELL,,4206.2998046875,
2025-11-14 13:00:00+07:00,CLOSE,4176.2998046875,4206.2998046875,30.0
2025-11-14 13:00:00+07:00,SELL,,4192.2998046875,
2025-11-14 14:00:00+07:00,CLOSE,4162.2998046875,4192.2998046875,30.0
2025-11-14 14:00:00+07:00,SELL,,4177.7001953125,
2025-11-14 15:00:00+07:00,CLOSE,4179.10009765625,4177.7001953125,-1.39990234375
2025-11-14 15:00:00+07:00,SELL,,4184.5,
2025-11-14 16:00:00+07:00,CLOSE,4171.89990234375,4184.5,12.60009765625
2025-11-14 16:00:00+07:00,SELL,,4178.60009765625,
2025-11-14 17:00:00+07:00,CLOSE,4170.7001953125,4178.60009765625,7.89990234375
2025-11-14 17:00:00+07:00,SELL,,4171.7001953125,
2025-11-14 18:00:00+07:00,CLOSE,4141.7001953125,4171.7001953125,30.0
2025-11-14 18:00:00+07:00,SELL,,4171.0,
2025-11-14 19:00:00+07:00,CLOSE,4141.0,4171.0,30.0
2025-11-14 19:00:00+07:00,SELL,,4135.10009765625,
2025-11-14 20:00:00+07:00,CLOSE,4105.10009765625,4135.10009765625,30.0
2025-11-14 20:00:00+07:00,SELL,,4117.7998046875,
